Word,Count,Typed Correctly,WPM,Error-free %
A,5,0.6,30.5253462,60.0
ADONAI,1,1.0,85.582905,100.0
AM,3,1.0,94.628334,100.0
Aaron,44,0.75,82.11372270454545,75.0
Abel,8,1.0,109.061305625,100.0
Abiasaph,1,0.0,55.29894,0.0
Abida,1,1.0,127.901301,100.0
Abihu,1,1.0,66.846684,100.0
Abimael,1,0.0,25.187765,0.0
Abimelech,19,0.7894736842105263,106.32088063157894,78.94736842105263
Abishua,2,0.5,78.302932,50.0
About,3,1.0,111.09183666666667,100.0
Abraham,101,0.8811881188118812,110.694303990099,88.11881188118812
Abram,47,0.8936170212765957,105.56334782978725,89.36170212765957
Abundance,1,1.0,141.943703,100.0
Accad,1,1.0,93.823711,100.0
Accepting,1,1.0,141.008214,100.0
According,2,1.0,166.93150300000002,100.0
Achbor,1,1.0,114.645598,100.0
Adad,1,0.0,37.910414,0.0
Adah,8,0.875,90.944118875,87.5
Adam,28,0.8928571428571429,104.29580953571428,89.28571428571429
Adbeel,1,0.0,50.617183,0.0
Admah,3,1.0,84.98577733333333,100.0
Adullamite,3,0.6666666666666666,79.80416933333333,66.66666666666666
Advancing,1,1.0,108.801476,100.0
After,20,0.9,84.2328397,90.0
Again,2,0.5,71.149074,50.0
Ahuzzath,1,1.0,88.910757,100.0
Aiah,1,1.0,57.287576,100.0
Akan,1,1.0,64.933929,100.0
All,24,0.7916666666666666,79.28038320833333,79.16666666666666
Almighty,6,0.6666666666666666,97.514907,66.66666666666666
Almodad,1,1.0,119.150418,100.0
Also,5,1.0,71.7016852,100.0
Alvah,1,1.0,84.379889,100.0
Alvan,1,1.0,93.912689,100.0
Am,2,1.0,77.4783365,100.0
Amalek,2,0.5,71.1445305,50.0
Amalekites,1,0.0,56.252933,0.0
Amen,4,1.0,112.0138565,100.0
Amminadab,1,0.0,47.611433,0.0
Ammon,1,1.0,139.277203,100.0
Ammonites,1,1.0,150.192526,100.0
Amorite,6,0.8333333333333334,134.21254683333333,83.33333333333334
Amorites,3,1.0,161.234318,100.0
Amram,3,0.3333333333333333,58.998870333333336,33.33333333333333
Amraphel,2,0.5,65.763037,50.0
An,2,0.5,47.697630000000004,50.0
Anah,7,0.5714285714285714,70.45219571428571,57.14285714285714
Anamim,1,1.0,81.278745,100.0
And,1368,0.9342105263157895,99.11773006578947,93.42105263157895
Aner,2,1.0,93.7096155,100.0
Angel,9,0.7777777777777778,106.62218466666667,77.77777777777779
Angels,4,0.75,94.478631,75.0
Apart,1,1.0,102.622832,100.0
Appoint,1,0.0,58.737144,0.0
Approach,1,0.0,28.420152,0.0
Aram,2,1.0,95.77954700000001,100.0
Aran,1,1.0,86.054148,100.0
Arba,2,0.5,76.3857735,50.0
Ard,1,1.0,100.092749,100.0
Are,3,1.0,108.88906266666667,100.0
Areli,1,1.0,97.719779,100.0
Arioch,2,1.0,103.89238549999999,100.0
Arise,7,0.5714285714285714,81.93116471428571,57.14285714285714
Arkite,1,1.0,107.418826,100.0
Armenia,1,1.0,133.160173,100.0
Arodi,1,1.0,113.222141,100.0
Aroer,1,0.0,44.214089,0.0
Arphaxad,6,0.6666666666666666,73.47752283333334,66.66666666666666
Arvadian,1,1.0,61.768288,100.0
As,3,0.6666666666666666,55.99269933333333,66.66666666666666
Asenath,3,1.0,115.52435866666667,100.0
Ashbel,1,1.0,119.680285,100.0
Asher,5,1.0,103.9018644,100.0
Ashkenaz,1,1.0,106.559483,100.0
Ashteroth,1,1.0,126.986069,100.0
Asshur,1,1.0,116.212325,100.0
Asshurim,1,0.0,71.724736,0.0
Assir,1,1.0,119.88288,100.0
Assur,1,1.0,118.284899,100.0
Assyrians,2,1.0,116.1428905,100.0
At,3,0.3333333333333333,45.05109366666667,33.33333333333333
Atad,1,0.0,17.805147,0.0
Avith,1,1.0,82.844115,100.0
Awakening,1,1.0,112.441484,100.0
Baal,5,1.0,92.2411278,100.0
Babel,1,1.0,114.373452,100.0
Babylon,1,1.0,107.118381,100.0
Basemath,6,0.8333333333333334,116.06978816666667,83.33333333333334
Be,3,1.0,91.38394699999999,100.0
Because,14,0.7857142857142857,122.61555664285716,78.57142857142857
Becher,1,1.0,145.426272,100.0
Bedad,1,1.0,95.736978,100.0
Beeri,1,1.0,122.02741,100.0
Beersheba,7,0.8571428571428571,117.25658342857143,85.71428571428571
Behold,33,0.8787878787878788,119.82087912121212,87.87878787878788
Bela,5,1.0,120.97169199999999,100.0
Belteshazzar,4,0.75,78.540335,75.0
Benjamin,18,0.8333333333333334,112.79098205555556,83.33333333333334
Benoni,1,1.0,97.638681,100.0
Beor,1,1.0,111.789919,100.0
Bera,1,1.0,119.84339,100.0
Bered,1,1.0,138.164079,100.0
Beria,1,1.0,97.345287,100.0
Beriah,1,1.0,138.974674,100.0
Bethel,12,0.9166666666666666,141.815791,91.66666666666666
Bethlehem,2,1.0,123.7413055,100.0
Bethuel,8,0.875,134.970833,87.5
Beware,3,0.6666666666666666,89.77646666666665,66.66666666666666
Bilhah,8,1.0,121.927644,100.0
Bilhan,1,1.0,97.382205,100.0
Birsha,1,1.0,109.986833,100.0
Blessed,3,1.0,115.89725600000001,100.0
Book,2,1.0,121.504136,100.0
Both,1,1.0,128.909526,100.0
Bozrah,1,0.0,62.54036,0.0
Bring,9,0.7777777777777778,101.15550311111112,77.77777777777779
Brothers,1,1.0,129.98619,100.0
Burden,1,0.0,26.556978,0.0
Bury,3,1.0,110.13257466666666,100.0
But,172,0.9651162790697675,93.41527926744186,96.51162790697676
Buy,1,0.0,31.850918,0.0
Buz,1,1.0,111.400473,100.0
By,6,1.0,80.4143255,100.0
Cain,15,0.8,110.19278126666667,80.0
Cainan,4,1.0,107.7799445,100.0
Calah,2,1.0,121.48289,100.0
Call,1,1.0,119.845071,100.0
Calumny,1,1.0,96.488114,100.0
Canaan,48,0.8541666666666666,101.244576,85.41666666666666
Canaanite,8,1.0,101.120387375,100.0
Canaanites,5,1.0,120.0937488,100.0
Caphtorim,1,1.0,48.947737,100.0
Carmi,2,1.0,118.8146175,100.0
Carry,1,1.0,120.323442,100.0
Casluhim,1,0.0,39.3415,0.0
Cast,3,0.6666666666666666,87.90046566666666,66.66666666666666
Cause,1,1.0,149.653727,100.0
Certainly,2,1.0,150.884338,100.0
Chalanne,1,1.0,39.359453,100.0
Chaldeans,3,1.0,135.30447566666666,100.0
Chedorlaomer,5,0.6,68.76022379999999,60.0
Cheran,1,1.0,98.816497,100.0
Cherubim,1,0.0,64.956453,0.0
Chesed,1,1.0,120.834766,100.0
Choose,1,1.0,70.350921,100.0
Chorreans,1,1.0,109.599854,100.0
Christ,2,1.0,146.3781215,100.0
City,2,1.0,131.94741199999999,100.0
Come,12,0.8333333333333334,91.82910733333334,83.33333333333334
Complete,2,1.0,122.670434,100.0
Conceiving,1,1.0,75.49749,100.0
Could,1,0.0,33.180205,0.0
Crossing,1,0.0,42.636958,0.0
Cursed,2,1.0,93.8182115,100.0
Cush,3,1.0,154.21991166666666,100.0
Cut,1,0.0,38.995854,0.0
Dadan,1,0.0,54.768088,0.0
Damascus,2,0.5,78.925343,50.0
Dan,7,1.0,96.22106571428571,100.0
Daniel,1,1.0,158.619096,100.0
David,2,1.0,128.6161095,100.0
Day,3,1.0,79.29424233333333,100.0
Deborah,1,1.0,101.936254,100.0
Dedan,2,0.5,88.342176,50.0
Deliver,1,1.0,141.837523,100.0
Depart,3,0.6666666666666666,93.91862099999999,66.66666666666666
Departing,1,0.0,33.206041,0.0
Descend,1,1.0,117.388329,100.0
Did,3,1.0,109.311666,100.0
Diklah,1,0.0,54.998398,0.0
Dinah,5,1.0,126.8445308,100.0
Dinhabah,1,1.0,97.762876,100.0
Disan,1,1.0,105.172283,100.0
Dishan,2,1.0,149.5659895,100.0
Dishon,4,1.0,146.79198325,100.0
Do,30,1.0,72.53998240000001,100.0
Does,1,1.0,121.753669,100.0
Doesn,1,1.0,93.19733,100.0
Dothan,2,0.5,96.946362,50.0
Drink,2,1.0,109.0228295,100.0
Dumah,1,1.0,67.008175,100.0
Dwell,1,1.0,106.005557,100.0
Earth,2,0.5,69.164334,50.0
East,1,1.0,130.482476,100.0
Ebal,1,1.0,135.723198,100.0
Eber,6,1.0,127.107851,100.0
Eden,1,1.0,130.440209,100.0
Edom,11,0.9090909090909091,113.44317981818182,90.9090909090909
Egypt,164,0.8292682926829268,88.23321487804878,82.92682926829268
Egyptian,12,0.6666666666666666,84.56108283333333,66.66666666666666
Egyptians,46,0.7391304347826086,107.47380530434783,73.91304347826086
Ehi,1,1.0,104.787389,100.0
Elah,1,1.0,116.909601,100.0
Elam,1,1.0,104.121118,100.0
Elamites,2,0.5,92.81391049999999,50.0
Eldaah,1,1.0,100.763967,100.0
Eleazar,4,1.0,107.15882524999999,100.0
Eliezer,2,1.0,111.2906655,100.0
Eliphaz,6,0.8333333333333334,85.60576916666668,83.33333333333334
Elishah,1,1.0,128.557243,100.0
Elizabeth,1,0.0,75.744945,0.0
Elkanah,1,1.0,106.539112,100.0
Elon,3,1.0,113.395173,100.0
Elzaphan,1,0.0,61.732942,0.0
Emim,1,1.0,116.70187,100.0
Encampments,2,1.0,121.3266255,100.0
Enmity,1,1.0,104.78121,100.0
Enoch,8,1.0,134.328294625,100.0
Enos,5,1.0,129.5959182,100.0
Enter,8,0.875,117.05430325,87.5
Ephah,1,1.0,135.785156,100.0
Epher,1,1.0,117.309083,100.0
Ephraim,12,0.5833333333333334,104.29001366666667,58.333333333333336
Ephrath,4,0.75,95.80156025,75.0
Ephron,11,0.7272727272727273,97.77811354545453,72.72727272727273
Er,5,1.0,106.57863439999998,100.0
Erech,1,1.0,114.552967,100.0
Eri,1,1.0,119.443987,100.0
Esau,57,0.9649122807017544,116.01148507017544,96.49122807017544
Eshcol,2,0.0,41.4593275,0.0
Esheban,1,1.0,107.010067,100.0
Eshtemoa,1,1.0,64.375119,100.0
Eternal,1,1.0,100.207716,100.0
Etham,1,1.0,103.017094,100.0
Ethiopia,1,0.0,74.122489,0.0
Euphrates,2,1.0,113.209509,100.0
Eve,2,1.0,95.173553,100.0
Even,3,0.3333333333333333,56.693695999999996,33.33333333333333
Extend,5,0.8,102.5892054,80.0
Ezbon,1,1.0,116.41845,100.0
Ezer,3,0.6666666666666666,80.33776766666666,66.66666666666666
Far,2,1.0,83.190556,100.0
Fill,1,1.0,90.923006,100.0
Flock,1,1.0,155.734771,100.0
For,127,0.9133858267716536,109.422326503937,91.33858267716536
From,9,0.8888888888888888,94.664115,88.88888888888889
Gad,5,1.0,92.2933134,100.0
Gaham,1,0.0,27.946928,0.0
Gatam,2,1.0,89.679484,100.0
Gather,2,1.0,114.3373915,100.0
Gaza,1,0.0,57.113609,0.0
Gehon,1,1.0,124.500789,100.0
Gentiles,2,0.5,121.044594,50.0
Gera,1,1.0,133.832528,100.0
Gerar,8,0.625,99.842001875,62.5
Gershom,1,1.0,107.070436,100.0
Gershon,3,1.0,141.21256233333335,100.0
Gether,1,1.0,151.54573,100.0
Gilead,5,1.0,138.8475304,100.0
Girgashite,1,1.0,135.258123,100.0
Girgashites,1,0.0,82.854569,0.0
Give,13,0.9230769230769231,101.55209784615384,92.3076923076923
Go,21,0.9523809523809523,66.99785876190477,95.23809523809523
God,383,0.9608355091383812,112.71919072323759,96.08355091383812
Gomer,2,1.0,137.93365749999998,100.0
Gomorrah,8,0.75,99.49125587500001,75.0
Gomorrhites,1,1.0,73.072024,100.0
Goshen,10,0.8,118.35885269999999,80.0
Greet,1,0.0,36.957417,0.0
Guni,1,1.0,124.014221,100.0
HE,1,1.0,72.859494,100.0
Hadad,2,0.5,75.9418455,50.0
Hadar,1,1.0,84.682761,100.0
Hadoram,1,1.0,92.672616,100.0
Hagar,9,0.8888888888888888,106.31625111111111,88.88888888888889
Haggi,1,1.0,104.607005,100.0
Hai,2,1.0,91.84632400000001,100.0
Ham,9,1.0,108.12073855555555,100.0
Hamathite,1,0.0,67.537609,0.0
Hamor,6,1.0,109.24533833333334,100.0
Hamul,1,1.0,126.120432,100.0
Hanoch,3,1.0,140.50881233333334,100.0
Happiness,1,1.0,104.666941,100.0
Haran,13,0.9230769230769231,115.83608823076922,92.3076923076923
Has,1,0.0,20.602534,0.0
Have,3,1.0,101.22864133333333,100.0
Havilah,3,1.0,117.13188933333333,100.0
Having,3,0.6666666666666666,79.569585,66.66666666666666
Hazarmaveth,1,0.0,55.625135,0.0
Hazazontamar,1,0.0,25.70969,0.0
Hazo,1,1.0,121.453552,100.0
He,99,0.9595959595959596,85.22228334343434,95.95959595959596
Hear,1,1.0,139.628881,100.0
Hearing,3,1.0,174.42462133333333,100.0
Heaven,2,0.5,75.0783225,50.0
Heber,2,0.5,109.24245350000001,50.0
Hebrew,7,0.7142857142857143,96.74611428571428,71.42857142857143
Hebrews,12,1.0,121.00654208333333,100.0
Hebron,6,1.0,128.01730383333333,100.0
Heliopolis,3,0.3333333333333333,79.58991999999999,33.33333333333333
Heman,1,1.0,91.429735,100.0
Hemdan,1,1.0,66.40689,100.0
Here,5,1.0,102.317781,100.0
Heth,9,1.0,131.421468,100.0
Hevilath,1,1.0,107.187344,100.0
Hezron,3,0.6666666666666666,94.28088666666667,66.66666666666666
High,5,0.8,103.2984844,80.0
Him,21,0.9523809523809523,105.65260057142856,95.23809523809523
Hirah,2,1.0,117.9447185,100.0
His,11,0.9090909090909091,84.64284181818182,90.9090909090909
Hittite,10,0.8,104.3965068,80.0
Hittites,1,1.0,132.914452,100.0
Hivite,6,1.0,135.17853666666667,100.0
Hobah,1,1.0,80.677933,100.0
Holy,2,1.0,149.5963195,100.0
Horeb,1,0.0,37.485703,0.0
Hori,1,1.0,130.353003,100.0
Horite,1,1.0,118.028604,100.0
Horites,3,1.0,144.36679766666666,100.0
House,2,1.0,134.121727,100.0
How,11,0.9090909090909091,97.51068927272728,90.9090909090909
However,3,1.0,136.825617,100.0
Hul,1,1.0,125.260582,100.0
Huppim,1,1.0,86.993012,100.0
Hurry,3,1.0,100.10674566666667,100.0
Husham,1,1.0,105.934572,100.0
Hushim,1,0.0,59.288241,0.0
I,630,0.9619047619047619,88.38741311269841,96.19047619047619
IS,1,1.0,153.813334,100.0
Idumea,1,1.0,118.011195,100.0
If,33,0.9393939393939394,73.26820418181819,93.93939393939394
Immediately,1,1.0,116.997228,100.0
Imnah,1,1.0,78.088643,100.0
In,86,0.8255813953488372,73.84671172093023,82.55813953488372
Increase,3,0.3333333333333333,59.54809233333333,33.33333333333333
Indeed,3,0.6666666666666666,79.23873566666667,66.66666666666666
Irad,2,1.0,141.166303,100.0
Iram,1,1.0,124.087985,100.0
Is,8,1.0,66.693855125,100.0
Isaac,68,0.9264705882352942,103.27904855882353,92.64705882352942
Iscah,1,1.0,69.493023,100.0
Ishbak,1,0.0,35.41733,0.0
Ishmael,16,1.0,143.4470194375,100.0
Ishmaelites,4,0.5,81.61059025,50.0
Israel,101,0.8514851485148515,120.83410604950494,85.14851485148515
Issachar,5,0.8,89.736332,80.0
It,25,0.96,78.65117988,96.0
Italy,1,1.0,125.278411,100.0
Ithamar,1,0.0,22.399888,0.0
Ithran,1,1.0,117.214418,100.0
Izhar,2,1.0,98.9034145,100.0
Jabbok,1,0.0,74.415043,0.0
Jabel,1,1.0,168.0174,100.0
Jachin,2,1.0,102.201574,100.0
Jacob,117,0.8974358974358975,109.53390994871795,89.74358974358975
Jahleel,1,0.0,55.01824,0.0
Jahzeel,1,1.0,87.89472,100.0
Jalam,3,1.0,107.214314,100.0
Jamin,2,1.0,121.8480725,100.0
Japheth,10,0.7,83.9638273,70.0
Jared,5,1.0,134.47484319999998,100.0
Jattir,1,1.0,122.7658,100.0
Javan,2,1.0,122.78216499999999,100.0
Jebusite,4,1.0,133.581754,100.0
Jebusites,1,1.0,143.488164,100.0
Jemuel,2,0.5,60.357663,50.0
Jerah,1,0.0,40.88237,0.0
Jerahmeel,1,1.0,61.410073,100.0
Jeroboam,2,0.5,73.364965,50.0
Jessui,1,1.0,98.590673,100.0
Jesua,1,1.0,82.47238,100.0
Jesus,4,1.0,141.5013555,100.0
Jetheth,1,1.0,77.797211,100.0
Jethro,3,0.6666666666666666,71.44919733333333,66.66666666666666
Jetur,1,1.0,128.533251,100.0
Jeush,3,0.6666666666666666,74.35951966666666,66.66666666666666
Jezer,1,1.0,82.092939,100.0
Jidlaph,1,1.0,83.511482,100.0
Job,1,1.0,109.812164,100.0
Jobab,3,1.0,117.04447699999999,100.0
Jochebed,1,1.0,81.57145,100.0
John,7,1.0,130.122098,100.0
Jokshan,2,1.0,75.44058749999999,100.0
Joktan,3,1.0,83.70188466666667,100.0
Jordan,5,1.0,132.0193258,100.0
Joseph,91,0.7802197802197802,107.83647628571428,78.02197802197803
Jubal,1,1.0,87.594119,100.0
Judah,28,0.8214285714285714,89.27867792857144,82.14285714285714
Judith,1,1.0,128.160944,100.0
Just,2,1.0,112.328728,100.0
Justly,1,1.0,109.424826,100.0
Kadesh,3,0.6666666666666666,124.95593266666667,66.66666666666666
Kadmonites,1,0.0,31.82184,0.0
Kanez,1,1.0,105.813299,100.0
Kedar,1,1.0,145.819751,100.0
Kedemah,1,0.0,60.821586,0.0
Kemuel,1,1.0,98.352327,100.0
Kenez,2,1.0,125.770396,100.0
Keni,1,1.0,117.260422,100.0
Kenites,1,1.0,148.188703,100.0
Kenizzites,1,1.0,112.348671,100.0
Keturah,2,1.0,139.0923575,100.0
Kiriathaim,1,0.0,20.787146,0.0
Kittim,1,1.0,100.867044,100.0
Know,2,1.0,120.956453,100.0
Kohath,4,1.0,112.51884375,100.0
Korah,6,0.8333333333333334,101.41687183333333,83.33333333333334
Korahites,1,0.0,50.50877,0.0
Laban,29,0.896551724137931,119.80047810344828,89.65517241379311
Lamech,10,1.0,137.1416948,100.0
Lamentation,2,0.0,44.977999,0.0
Latitude,1,0.0,54.485174,0.0
Lead,1,1.0,107.045813,100.0
Leah,22,0.9090909090909091,124.99912613636364,90.9090909090909
Lehabim,1,1.0,99.727036,100.0
Lesa,1,1.0,122.23175,100.0
Lest,2,1.0,100.21115649999999,100.0
Let,36,0.9722222222222222,94.43848305555555,97.22222222222221
Letushim,1,1.0,114.585406,100.0
Leummim,1,1.0,74.092667,100.0
Levi,11,1.0,115.72015618181818,100.0
Levite,1,1.0,83.678369,100.0
Levitical,1,1.0,101.078403,100.0
Libni,1,1.0,78.075345,100.0
Life,16,0.8125,117.3416986875,81.25
Lift,2,1.0,93.285465,100.0
Light,28,0.8214285714285714,122.46275746428572,82.14285714285714
Likewise,47,0.6808510638297872,86.12882348936171,68.08510638297872
Listen,3,1.0,133.69257933333333,100.0
Lo,6,0.6666666666666666,47.009744833333336,66.66666666666666
Lord,335,0.9462686567164179,136.70492432238805,94.6268656716418
Lot,27,0.8888888888888888,102.63480418518519,88.88888888888889
Lotan,4,1.0,113.165988,100.0
Lud,1,1.0,138.984491,100.0
Ludim,1,1.0,72.446289,100.0
Luz,3,0.6666666666666666,67.10204666666667,66.66666666666666
Maacah,1,0.0,21.180587,0.0
Machir,1,1.0,141.95165,100.0
Madai,1,1.0,93.845163,100.0
Magdiel,1,1.0,129.289311,100.0
Magog,1,1.0,131.049805,100.0
Mahalalel,5,0.6,71.84231159999999,60.0
Mahalath,1,1.0,132.522189,100.0
Mahanaim,1,1.0,67.076567,100.0
Mahli,1,1.0,102.88431,100.0
Mahujael,2,0.5,71.721469,50.0
Make,1,1.0,134.375235,100.0
Malchiel,1,1.0,94.750188,100.0
Mamre,10,1.0,113.3182323,100.0
Man,1,1.0,114.438249,100.0
Manahath,1,1.0,88.943386,100.0
Manasseh,10,0.8,99.0785131,80.0
Mash,1,1.0,151.244628,100.0
Masrekah,1,0.0,53.52527,0.0
Massa,1,1.0,120.679292,100.0
Mathusael,2,1.0,92.848895,100.0
Matred,1,1.0,123.686536,100.0
May,15,1.0,96.6451962,100.0
Meanwhile,4,0.75,103.3386415,75.0
Medan,1,1.0,94.075431,100.0
Mehetabel,1,0.0,61.627991,0.0
Melchizedek,1,1.0,118.683939,100.0
Merari,3,1.0,129.98629566666668,100.0
Meridian,1,1.0,147.036114,100.0
Meshech,1,1.0,90.559344,100.0
Mesopotamia,11,0.5454545454545454,77.60840527272727,54.54545454545454
Messa,1,0.0,27.712226,0.0
Methuselah,5,1.0,110.10113240000001,100.0
Mezahab,1,1.0,65.456905,100.0
Mibsam,1,0.0,56.896505,0.0
Mibzar,1,1.0,75.612603,100.0
Midian,7,1.0,136.02195657142857,100.0
Midianite,1,1.0,133.14383,100.0
Midianites,1,1.0,95.904091,100.0
Migdol,1,0.0,26.723703,0.0
Milcah,7,0.8571428571428571,114.08053214285714,85.71428571428571
Mishael,1,1.0,163.13687,100.0
Mishma,1,1.0,101.573626,100.0
Mishpat,1,1.0,113.643055,100.0
Mizraim,2,1.0,108.6645155,100.0
Mizzah,2,1.0,117.64294799999999,100.0
Moab,2,1.0,80.86913799999999,100.0
Moabites,1,1.0,78.021675,100.0
Moppim,1,1.0,55.981643,100.0
Moreover,3,0.6666666666666666,101.91485833333333,66.66666666666666
Moses,107,0.9065420560747663,119.06387161682244,90.65420560747664
Most,6,1.0,124.43394683333334,100.0
Mount,3,1.0,163.856264,100.0
Move,2,1.0,104.885579,100.0
Mushi,1,1.0,139.594708,100.0
My,15,0.9333333333333333,68.86552073333334,93.33333333333333
Naaman,1,1.0,123.266124,100.0
Nadab,1,1.0,82.651735,100.0
Nahath,2,1.0,112.15316999999999,100.0
Nahor,16,0.9375,102.4703530625,93.75
Nahshon,1,0.0,31.017485,0.0
Naphish,1,0.0,43.16703,0.0
Naphtali,5,0.4,42.0737898,40.0
Naphtuhim,1,1.0,44.282812,100.0
Nations,2,1.0,135.554253,100.0
Nazarite,1,1.0,127.738973,100.0
Nebaioth,3,0.6666666666666666,70.68944866666668,66.66666666666666
Nebat,1,1.0,122.002933,100.0
Nebuchadnezzar,1,0.0,56.522096,0.0
Neither,16,0.8125,111.4986455625,81.25
Nepheg,1,1.0,86.617129,100.0
Nevertheless,1,1.0,138.425937,100.0
Next,2,1.0,102.77226999999999,100.0
Night,2,1.0,113.910665,100.0
Nimrod,2,1.0,104.877881,100.0
Nineveh,2,0.5,90.103191,50.0
No,4,0.75,75.305296,75.0
Noah,33,0.8484848484848485,119.22843706060605,84.84848484848484
Noema,1,1.0,119.783066,100.0
North,1,1.0,132.596554,100.0
Not,2,1.0,120.733364,100.0
Nothing,1,1.0,159.939494,100.0
Now,64,0.859375,78.087561609375,85.9375
O,14,0.9285714285714286,51.19549228571429,92.85714285714286
Oak,1,1.0,73.900737,100.0
Oath,2,1.0,125.4568525,100.0
Obal,1,1.0,92.64777,100.0
Obtain,1,1.0,121.44294,100.0
Ohad,2,0.5,64.2327735,50.0
Oholibamah,7,0.5714285714285714,66.04259900000001,57.14285714285714
Omar,2,1.0,120.903055,100.0
On,7,0.8571428571428571,68.50188299999999,85.71428571428571
Onam,1,1.0,96.944475,100.0
Onan,4,1.0,95.15071725,100.0
One,6,0.8333333333333334,89.13474783333334,83.33333333333334
Only,6,0.8333333333333334,96.723753,83.33333333333334
Ophir,1,1.0,115.72005,100.0
Or,1,1.0,80.10202,100.0
Otherwise,3,1.0,144.341332,100.0
Our,2,0.0,16.891801,0.0
Palestinians,5,1.0,150.2545472,100.0
Pallu,2,1.0,94.975246,100.0
Paradise,15,1.0,133.28779306666667,100.0
Paran,2,0.5,75.453945,50.0
Pass,1,1.0,99.450415,100.0
Passover,4,0.75,112.791136,75.0
Pathrusim,1,1.0,110.905932,100.0
Pau,1,0.0,30.508845,0.0
Peace,1,1.0,110.354204,100.0
Peleg,5,1.0,128.460665,100.0
Peniel,2,0.5,91.986234,50.0
Perez,3,1.0,118.63704766666667,100.0
Perhaps,3,1.0,154.51067066666667,100.0
Perizzite,3,1.0,116.44124966666668,100.0
Perizzites,2,1.0,108.066524,100.0
Permit,1,1.0,105.886096,100.0
Petition,1,0.0,30.588972,0.0
Pharaoh,140,0.5214285714285715,77.55259333571429,52.142857142857146
Phicol,3,0.6666666666666666,81.20575366666667,66.66666666666666
Philistines,3,0.6666666666666666,104.441905,66.66666666666666
Phinehas,3,0.6666666666666666,84.29660733333333,66.66666666666666
Phison,1,1.0,120.782671,100.0
Pihahiroth,2,0.5,61.812741,50.0
Pildash,1,1.0,118.039829,100.0
Pile,1,1.0,98.389135,100.0
Pinon,1,1.0,117.918061,100.0
Pithom,1,0.0,30.727046,0.0
Place,3,1.0,128.192004,100.0
Pontus,2,1.0,107.0346365,100.0
Possessor,1,0.0,65.893834,0.0
Potiphar,1,1.0,83.294616,100.0
Potiphera,3,0.6666666666666666,72.372956,66.66666666666666
Pray,2,1.0,83.238765,100.0
Preserve,2,1.0,139.54870449999999,100.0
Produce,1,0.0,34.535907,0.0
Provide,2,1.0,151.73213049999998,100.0
Puah,1,0.0,25.483179,0.0
Put,4,0.75,82.00119775,75.0
Putiel,1,1.0,130.101582,100.0
Putiphar,1,0.0,64.398858,0.0
Puvah,1,1.0,81.02554,100.0
Quickly,1,1.0,106.281479,100.0
Raamah,2,1.0,109.259175,100.0
Raamses,1,1.0,91.607829,100.0
Racal,1,1.0,120.166039,100.0
Rachel,31,0.9032258064516129,146.00651722580645,90.32258064516128
Rameses,2,1.0,113.1296385,100.0
Ramoth,1,0.0,25.706817,0.0
Reach,1,0.0,20.739382,0.0
Rebekah,20,0.7,98.74815344999999,70.0
Receive,1,0.0,51.703951,0.0
Recognize,1,1.0,139.897985,100.0
Recount,1,1.0,172.665141,100.0
Red,2,1.0,125.962018,100.0
Rehoboth,1,1.0,116.529296,100.0
Release,14,0.7857142857142857,113.80852457142858,78.57142857142857
Remember,1,1.0,137.235527,100.0
Render,1,1.0,132.321514,100.0
Rephaim,2,1.0,135.360352,100.0
Rescue,1,0.0,55.922323,0.0
Resen,1,1.0,147.422307,100.0
Responding,1,1.0,111.487359,100.0
Return,5,0.8,97.30655540000001,80.0
Reu,4,1.0,104.34403075,100.0
Reuben,15,0.9333333333333333,114.71460913333334,93.33333333333333
Reuel,6,1.0,112.82871666666666,100.0
Reumah,1,0.0,36.653481,0.0
Riphath,1,1.0,125.2887,100.0
Rise,6,1.0,110.0813235,100.0
Rodanim,1,1.0,105.114779,100.0
Rosh,1,1.0,127.913155,100.0
Sabtah,1,0.0,50.57553,0.0
Sabteca,1,1.0,105.547308,100.0
Salem,2,1.0,96.409998,100.0
Salt,1,1.0,111.178786,100.0
Samarite,1,1.0,69.556934,100.0
Samlah,1,1.0,106.768375,100.0
Sanctify,1,1.0,102.065489,100.0
Sarah,30,0.9666666666666667,113.7465744,96.66666666666667
Sarai,13,0.8461538461538461,105.31511053846154,84.61538461538461
Save,1,1.0,105.361428,100.0
Savior,1,1.0,118.546233,100.0
Say,3,1.0,96.12977566666666,100.0
Scarcely,1,0.0,51.351757,0.0
Sea,3,1.0,112.30190666666665,100.0
Search,1,1.0,188.29037,100.0
Seas,2,1.0,89.396314,100.0
Seba,1,1.0,119.842205,100.0
See,7,1.0,90.50117085714285,100.0
Sees,1,1.0,118.383296,100.0
Seir,9,0.8888888888888888,103.2866058888889,88.88888888888889
Sell,1,1.0,91.779786,100.0
Send,2,1.0,113.53650999999999,100.0
Sephar,1,1.0,123.879578,100.0
Sered,1,0.0,43.950855,0.0
Serug,4,0.5,85.0706755,50.0
Set,1,1.0,81.903102,100.0
Seth,7,1.0,153.24099685714285,100.0
Seven,2,1.0,135.8427115,100.0
Sevenfold,1,1.0,130.82189,100.0
Shammah,2,1.0,87.59229500000001,100.0
Shaul,3,1.0,135.19126166666666,100.0
Shaveh,2,1.0,89.662991,100.0
She,14,0.9285714285714286,99.87274642857143,92.85714285714286
Sheba,3,1.0,115.62480533333333,100.0
Shechem,12,0.75,98.51010866666667,75.0
Shechemites,1,0.0,63.259038,0.0
Shelah,10,1.0,115.15352579999998,100.0
Sheleph,1,0.0,53.577011,0.0
Shem,15,1.0,114.15425826666666,100.0
Shemeber,1,1.0,110.746749,100.0
Shepho,1,1.0,73.316776,100.0
Shillem,1,1.0,122.883835,100.0
Shimei,1,0.0,41.07428,0.0
Shimron,1,1.0,113.111333,100.0
Shinab,1,1.0,129.389381,100.0
Shinar,4,0.5,87.63942325,50.0
Shiphrah,1,0.0,28.371271,0.0
Shobal,3,1.0,109.62500399999999,100.0
Should,2,0.5,104.6269515,50.0
Show,1,1.0,95.357595,100.0
Shua,2,1.0,116.7833,100.0
Shuah,1,1.0,120.277218,100.0
Shuni,1,0.0,35.895745,0.0
Shur,3,1.0,115.87129566666665,100.0
Sidon,3,1.0,112.75219466666665,100.0
Simeon,13,1.0,135.54188753846154,100.0
Similarly,1,1.0,139.324818,100.0
Since,2,0.5,96.94408100000001,50.0
Sinite,1,1.0,133.818055,100.0
Siphmoth,1,1.0,65.475437,100.0
Sithri,1,1.0,114.906029,100.0
Sleep,2,1.0,92.6947045,100.0
So,21,0.9523809523809523,68.06702923809523,95.23809523809523
Soccoth,2,1.0,95.5945475,100.0
Sodom,17,0.9411764705882353,118.82578741176471,94.11764705882352
Sodomites,1,1.0,142.621945,100.0
Some,1,1.0,142.722155,100.0
Someone,1,1.0,118.401884,100.0
Sons,1,0.0,41.629038,0.0
Speak,6,0.5,68.19775316666666,50.0
Spirit,8,0.875,109.03551925,87.5
Stand,1,1.0,100.015923,100.0
Straw,2,0.5,82.8139785,50.0
Striker,1,1.0,127.72033,100.0
Succoth,2,1.0,137.46078799999998,100.0
Supreme,1,1.0,120.564825,100.0
Syria,8,0.875,122.48447887500001,87.5
Syrian,2,1.0,143.303034,100.0
Syrians,1,0.0,47.96936,0.0
Tahash,1,1.0,110.564352,100.0
Take,13,0.9230769230769231,105.15959592307692,92.3076923076923
Taking,2,1.0,95.722196,100.0
Tamar,4,1.0,107.72123125,100.0
Tarshish,1,1.0,147.034105,100.0
Tebah,1,0.0,29.164174,0.0
Tell,5,0.8,102.3645902,80.0
Tema,1,1.0,135.556739,100.0
Teman,3,1.0,94.33803999999999,100.0
Temanites,1,1.0,98.55983,100.0
Tents,1,1.0,123.635048,100.0
Terah,8,0.75,104.873258875,75.0
Testimony,1,1.0,118.505423,100.0
That,1,1.0,106.609551,100.0
The,133,0.9097744360902256,81.55123557142856,90.97744360902256
Their,2,1.0,125.219447,100.0
Then,122,0.8934426229508197,83.7140635409836,89.34426229508196
There,23,0.9565217391304348,118.69737891304348,95.65217391304348
Thereafter,1,1.0,115.6713,100.0
Therefore,73,0.6438356164383562,99.5402455890411,64.38356164383562
Thereupon,1,1.0,117.134259,100.0
These,48,0.9166666666666666,106.03144910416667,91.66666666666666
They,18,0.7222222222222222,81.06115522222223,72.22222222222221
This,35,0.9428571428571428,107.97168297142858,94.28571428571428
Thorns,2,1.0,104.8831715,100.0
Though,1,1.0,116.86402,100.0
Thus,17,1.0,105.09496194117646,100.0
Tidal,2,1.0,126.029196,100.0
Tigris,1,1.0,110.335392,100.0
Timna,3,0.6666666666666666,86.56553466666666,66.66666666666666
Timnah,3,0.6666666666666666,79.190963,66.66666666666666
Timothy,1,1.0,150.088944,100.0
Tip,1,0.0,33.502159,0.0
Tiras,1,1.0,135.363739,100.0
To,10,1.0,56.3037511,100.0
Today,1,0.0,37.216082,0.0
Togarmah,1,1.0,119.982679,100.0
Tola,1,1.0,111.574966,100.0
Tomb,2,1.0,88.3837485,100.0
Tomorrow,3,0.6666666666666666,97.72609833333335,66.66666666666666
Tower,1,1.0,111.400763,100.0
Tribes,1,1.0,95.974219,100.0
Truly,7,1.0,81.739207,100.0
Tubal,1,1.0,144.480202,100.0
Tubalcain,2,0.5,78.5501635,50.0
Two,1,1.0,91.946152,100.0
Tying,1,1.0,59.626816,100.0
Under,1,1.0,162.448362,100.0
Unless,3,1.0,101.02357533333333,100.0
Upon,2,1.0,118.427243,100.0
Ur,3,1.0,93.00512366666665,100.0
Uz,3,1.0,94.47814333333334,100.0
Uzal,1,1.0,111.467991,100.0
Uzziel,2,1.0,90.4508085,100.0
WHO,2,1.0,112.252706,100.0
Wait,1,0.0,53.63358,0.0
Walk,1,1.0,120.051883,100.0
Was,1,1.0,127.334765,100.0
Wash,1,1.0,150.792271,100.0
We,28,0.9642857142857143,77.88683167857143,96.42857142857143
Weeping,1,1.0,126.677534,100.0
Well,2,1.0,123.864313,100.0
West,1,1.0,82.448922,100.0
What,36,0.9166666666666666,98.96069794444445,91.66666666666666
Whatever,4,0.5,77.30831475,50.0
When,17,0.8823529411764706,90.66218264705881,88.23529411764706
Whenever,1,1.0,78.105592,100.0
Where,9,0.8888888888888888,111.21641911111111,88.88888888888889
Whichever,1,1.0,66.22548,100.0
While,2,1.0,101.7707655,100.0
Who,8,0.875,84.007045625,87.5
Whoever,6,0.3333333333333333,68.55707366666667,33.33333333333333
Whose,4,1.0,114.9255965,100.0
Why,30,0.8333333333333334,76.32704526666666,83.33333333333334
Will,2,1.0,104.237954,100.0
With,4,0.75,91.0134695,75.0
Withdraw,3,0.6666666666666666,88.39399366666667,66.66666666666666
Witness,2,1.0,97.39821,100.0
Word,39,0.8974358974358975,139.60974220512819,89.74358974358975
Would,3,1.0,149.16730266666664,100.0
Yes,1,1.0,121.920862,100.0
Yet,28,0.8571428571428571,90.43065396428571,85.71428571428571
You,74,0.9054054054054054,90.22219205405405,90.54054054054053
Your,24,0.9583333333333334,114.97800525000001,95.83333333333334
Zaavan,1,0.0,32.869271,0.0
Zeboiim,3,0.3333333333333333,46.675491,33.33333333333333
Zebulun,5,0.8,89.2502964,80.0
Zepho,2,1.0,96.74325200000001,100.0
Zerah,5,0.8,99.8574072,80.0
Zibeon,6,0.8333333333333334,124.53992933333332,83.33333333333334
Zichri,1,0.0,46.709829,0.0
Ziklag,1,1.0,114.487064,100.0
Zillah,3,0.3333333333333333,79.22697933333333,33.33333333333333
Zilpah,6,1.0,123.90592416666668,100.0
Zimran,1,1.0,95.561723,100.0
Ziphion,1,1.0,62.063967,100.0
Zipporah,2,0.5,75.109008,50.0
Zoar,7,0.8571428571428571,113.16587928571428,85.71428571428571
Zohar,4,1.0,128.75710325,100.0
Zuzim,1,0.0,40.532278,0.0
a,519,0.9788053949903661,261.89865053949904,97.88053949903662
abdomen,1,1.0,85.725685,100.0
ability,3,1.0,159.9401983333333,100.0
able,47,0.9787234042553191,199.59456529787232,97.87234042553192
abominations,1,1.0,165.867441,100.0
about,31,0.8709677419354839,182.76793870967742,87.09677419354838
above,13,1.0,142.60975815384614,100.0
abroad,1,1.0,195.559309,100.0
absence,1,1.0,166.280875,100.0
absent,1,1.0,211.07711,100.0
abundance,6,0.6666666666666666,132.78189183333333,66.66666666666666
abundant,1,1.0,191.110846,100.0
abuse,4,1.0,150.82494775,100.0
abyss,10,0.9,119.8504054,90.0
accept,10,0.8,139.7233349,80.0
accepted,4,1.0,151.775399,100.0
accepts,1,1.0,128.649314,100.0
accompanied,1,0.0,89.180199,0.0
accompany,2,0.0,29.867622,0.0
accomplish,4,1.0,159.692553,100.0
accomplished,5,1.0,157.3885066,100.0
according,36,0.6944444444444444,143.29570863888887,69.44444444444444
accusation,1,1.0,127.725138,100.0
accuse,2,1.0,108.2941195,100.0
accused,1,1.0,140.893904,100.0
accustomed,4,1.0,140.6211325,100.0
achieved,1,1.0,155.958539,100.0
acknowledged,1,1.0,129.74775,100.0
acknowledging,1,0.0,63.135708,0.0
acquired,2,1.0,148.2231935,100.0
across,10,0.9,135.0866515,90.0
act,13,0.9230769230769231,124.85624215384615,92.3076923076923
acted,8,1.0,149.247837625,100.0
acts,1,1.0,154.400831,100.0
actually,1,0.0,77.57769,0.0
add,3,1.0,131.75643,100.0
added,5,1.0,136.88468200000003,100.0
adding,1,1.0,130.907857,100.0
addition,1,1.0,155.968983,100.0
adhere,2,1.0,134.76443749999999,100.0
adolescent,1,1.0,137.824754,100.0
adopted,1,1.0,128.154023,100.0
adored,4,0.75,128.35354375,75.0
adorn,1,1.0,135.765135,100.0
adornment,1,1.0,135.76871,100.0
adultery,1,0.0,51.976376,0.0
adults,1,1.0,127.03704,100.0
advance,2,1.0,162.31054799999998,100.0
advanced,4,1.0,150.98863125,100.0
advances,2,0.5,91.6274095,50.0
advancing,4,1.0,140.12212225000002,100.0
adversity,1,1.0,112.366602,100.0
afar,2,1.0,124.8235435,100.0
afflict,4,0.75,103.23303075,75.0
afflicted,6,0.8333333333333334,120.36560850000001,83.33333333333334
affliction,7,0.7142857142857143,119.10117257142858,71.42857142857143
afraid,24,0.875,162.19628016666667,87.5
after,86,0.9534883720930233,141.22659275581395,95.34883720930233
afternoon,1,1.0,122.32409,100.0
afterward,1,1.0,168.879229,100.0
afterwards,2,1.0,153.479436,100.0
again,33,0.8787878787878788,167.23569984848484,87.87878787878788
against,42,0.8095238095238095,151.7425569047619,80.95238095238095
age,11,1.0,153.22891554545456,100.0
ago,2,1.0,128.486121,100.0
agree,3,1.0,166.152645,100.0
agreed,5,0.8,131.4755568,80.0
agreement,1,1.0,177.166188,100.0
agriculture,1,0.0,48.857669,0.0
ahead,4,1.0,197.549844,100.0
air,12,0.75,170.45521975,75.0
alive,9,0.7777777777777778,120.69165933333335,77.77777777777779
all,324,0.9629629629629629,130.92703058641976,96.29629629629629
allow,1,0.0,22.912624,0.0
almighty,1,1.0,142.88927,100.0
almond,1,1.0,163.672885,100.0
almonds,1,1.0,172.429502,100.0
alone,4,1.0,157.65480875,100.0
along,26,0.9230769230769231,165.2778153076923,92.3076923076923
already,2,1.0,166.2374405,100.0
also,97,0.9587628865979382,137.11960279381444,95.87628865979381
altar,15,0.8666666666666667,131.49896586666668,86.66666666666667
although,2,1.0,154.5126805,100.0
always,2,1.0,171.280853,100.0
am,65,0.9692307692307692,149.20480995384617,96.92307692307692
ambassador,1,1.0,104.105602,100.0
amid,2,0.5,78.52189100000001,50.0
among,46,0.9347826086956522,154.48108204347827,93.47826086956522
amount,2,1.0,223.062632,100.0
an,48,0.9583333333333334,160.78272845833334,95.83333333333334
ancestors,2,1.0,148.669185,100.0
ancient,1,1.0,128.692056,100.0
and,2327,0.9626128061882252,220.00737582810487,96.26128061882252
angry,14,0.9285714285714286,139.22874785714285,92.85714285714286
anguish,2,1.0,137.6358505,100.0
animal,6,1.0,168.12912883333334,100.0
animals,20,0.9,133.9857563,90.0
ankle,1,1.0,140.314339,100.0
announce,1,1.0,187.266638,100.0
announced,1,0.0,31.453046,0.0
announcement,1,1.0,184.654639,100.0
anointed,1,1.0,148.227496,100.0
another,40,0.85,168.70814485,85.0
answer,2,1.0,140.594874,100.0
answered,33,0.7878787878787878,136.92127848484847,78.78787878787878
any,25,0.96,134.29307456,96.0
anyone,6,0.8333333333333334,138.19006983333335,83.33333333333334
anything,23,0.9130434782608695,196.30073826086957,91.30434782608695
apart,1,1.0,128.467422,100.0
apparel,1,1.0,118.038866,100.0
apparent,1,1.0,150.393743,100.0
appear,5,1.0,178.2490532,100.0
appearance,3,0.6666666666666666,124.54118733333333,66.66666666666666
appeared,22,0.8636363636363636,159.7181324090909,86.36363636363636
appears,1,1.0,156.107629,100.0
appease,1,1.0,149.987395,100.0
apply,1,1.0,113.108319,100.0
appoint,4,1.0,165.1992945,100.0
appointed,7,0.8571428571428571,119.44217028571428,85.71428571428571
approach,1,0.0,46.064907,0.0
approached,8,0.875,160.06973625,87.5
approaches,3,0.6666666666666666,125.266954,66.66666666666666
approaching,7,0.7142857142857143,157.03201242857145,71.42857142857143
approved,1,1.0,165.550076,100.0
arc,3,1.0,130.19566233333333,100.0
archer,1,1.0,185.684643,100.0
are,182,0.9725274725274725,172.35991147802198,97.25274725274726
area,1,1.0,205.411094,100.0
argued,1,1.0,129.528426,100.0
arise,1,1.0,136.777057,100.0
arisen,1,1.0,177.453922,100.0
arising,2,0.5,96.815332,50.0
ark,26,0.9230769230769231,152.29835246153846,92.3076923076923
arm,3,1.0,122.54162966666667,100.0
armed,2,1.0,123.878973,100.0
arms,2,1.0,162.8518995,100.0
army,10,1.0,145.48227939999998,100.0
aromatics,2,1.0,167.732586,100.0
arose,8,0.875,149.879284375,87.5
around,7,1.0,227.04910414285715,100.0
arrival,1,1.0,102.003876,100.0
arrivals,1,1.0,115.307172,100.0
arrive,9,1.0,143.38890388888888,100.0
arrived,50,0.92,141.03640416,92.0
arrives,5,0.8,125.217787,80.0
arriving,2,1.0,138.20079750000002,100.0
art,1,1.0,123.63593,100.0
artisan,1,1.0,109.840921,100.0
as,250,0.944,164.862148364,94.39999999999999
ascend,2,1.0,153.2598345,100.0
ascended,12,0.9166666666666666,142.58087700000002,91.66666666666666
ascending,1,1.0,172.97281,100.0
ascends,1,1.0,147.901811,100.0
ashamed,2,1.0,167.97047099999997,100.0
ashes,5,0.6,120.12646199999999,60.0
aside,7,0.8571428571428571,150.89124228571427,85.71428571428571
ask,9,1.0,162.9208887777778,100.0
asked,1,1.0,233.855215,100.0
asking,1,1.0,236.808668,100.0
asleep,1,1.0,133.546681,100.0
assembly,3,0.6666666666666666,107.566503,66.66666666666666
associate,1,1.0,167.881151,100.0
astonished,2,1.0,148.50691949999998,100.0
at,115,0.8869565217391304,146.00635970434783,88.69565217391305
ate,13,1.0,160.64073276923077,100.0
attached,1,1.0,156.820967,100.0
attended,1,1.0,153.442712,100.0
attention,1,1.0,169.10099,100.0
attestation,1,1.0,147.087718,100.0
attractive,1,1.0,124.93473,100.0
augmented,1,1.0,129.521046,100.0
aunt,1,1.0,194.498718,100.0
authority,4,0.75,167.5380975,75.0
awakened,3,1.0,145.654225,100.0
awaking,1,1.0,154.261254,100.0
away,81,0.9382716049382716,157.41819624691357,93.82716049382715
back,31,0.9354838709677419,158.77034967741935,93.54838709677419
backward,2,0.5,106.4815455,50.0
backwards,1,1.0,142.749398,100.0
badly,1,1.0,126.938049,100.0
bag,1,1.0,135.717886,100.0
bags,1,1.0,85.576231,100.0
bake,1,0.0,66.222593,0.0
baked,4,1.0,139.56775875,100.0
baking,1,1.0,121.417893,100.0
band,1,1.0,179.801518,100.0
bands,1,1.0,160.674066,100.0
bank,4,1.0,162.0961185,100.0
banquet,2,0.0,45.734987000000004,0.0
bare,1,1.0,129.046964,100.0
bark,1,0.0,27.285958,0.0
barley,2,0.5,103.0992535,50.0
barren,4,1.0,125.58147375,100.0
barrenness,2,0.0,61.178733,0.0
base,3,1.0,124.66077233333333,100.0
basket,3,1.0,176.62193266666668,100.0
baskets,2,1.0,186.038382,100.0
bdellium,1,1.0,103.917379,100.0
be,384,0.953125,134.25955626302084,95.3125
bear,1,1.0,195.627736,100.0
bearing,4,0.75,159.0283245,75.0
beast,8,1.0,192.6562185,100.0
beasts,21,0.8571428571428571,141.5212967142857,85.71428571428571
beautiful,12,0.5,113.71361333333334,50.0
beauty,4,0.25,59.07406425,25.0
became,42,0.8333333333333334,143.0342117142857,83.33333333333334
because,80,0.675,146.2509784,67.5
become,17,0.8823529411764706,146.83709511764707,88.23529411764706
bed,5,1.0,132.6782934,100.0
bedding,1,1.0,152.259096,100.0
bedroom,1,1.0,129.026223,100.0
been,49,0.9387755102040817,129.14386540816326,93.87755102040816
befall,2,0.5,83.517494,50.0
befallen,2,1.0,119.413673,100.0
befell,1,0.0,36.983415,0.0
before,76,0.8552631578947368,140.46842460526318,85.52631578947368
beforehand,2,1.0,169.73602849999997,100.0
beg,16,0.9375,121.232114875,93.75
began,13,0.8461538461538461,129.1330706923077,84.61538461538461
begged,1,1.0,125.671346,100.0
beginning,59,0.7627118644067796,133.6867286779661,76.27118644067797
begotten,3,0.3333333333333333,56.53620899999999,33.33333333333333
begun,5,1.0,148.4496136,100.0
behalf,8,0.5,96.8719435,50.0
behave,2,1.0,125.87755899999999,100.0
behind,18,0.9444444444444444,151.89030083333333,94.44444444444444
behold,27,0.9259259259259259,140.4209987037037,92.5925925925926
being,32,0.90625,176.66943040625,90.625
believe,14,0.7142857142857143,125.91135514285715,71.42857142857143
believed,3,0.6666666666666666,138.52290933333333,66.66666666666666
belong,3,1.0,153.41837633333333,100.0
belonged,4,1.0,161.562367,100.0
belongs,1,1.0,172.709519,100.0
bend,1,1.0,130.592185,100.0
beneath,1,1.0,167.790635,100.0
bent,1,1.0,184.149704,100.0
bereaved,2,0.5,101.78459000000001,50.0
beseeched,1,0.0,59.314899,0.0
beside,1,1.0,164.406035,100.0
besides,2,1.0,138.5693485,100.0
best,5,1.0,160.25186300000001,100.0
bestowed,1,1.0,97.337963,100.0
bestows,1,1.0,136.475646,100.0
better,3,1.0,137.11585,100.0
between,36,0.9444444444444444,135.52961711111112,94.44444444444444
beware,1,1.0,149.439722,100.0
beyond,13,1.0,166.34182061538462,100.0
binding,2,1.0,170.907086,100.0
birds,14,1.0,142.80908635714286,100.0
birth,34,0.8529411764705882,138.46228135294118,85.29411764705883
birthday,1,1.0,147.967493,100.0
birthright,2,1.0,111.73285200000001,100.0
biting,1,1.0,163.374617,100.0
bitterness,1,1.0,124.819408,100.0
bitumen,1,1.0,79.892749,100.0
black,2,1.0,137.3712405,100.0
blame,1,0.0,59.185141,0.0
blanket,1,0.0,20.505434,0.0
bleary,1,1.0,104.935225,100.0
blemish,1,0.0,70.928707,0.0
blemished,3,0.6666666666666666,116.12676266666666,66.66666666666666
blemishes,1,1.0,127.229707,100.0
bless,23,0.9565217391304348,135.7350347826087,95.65217391304348
blessed,37,0.9459459459459459,144.5273952972973,94.5945945945946
blesses,1,1.0,144.487496,100.0
blessing,15,0.8,136.99146526666667,80.0
blessings,8,0.375,94.738608625,37.5
blight,2,1.0,166.3331695,100.0
blind,1,1.0,159.273702,100.0
blindness,1,1.0,137.500041,100.0
blocking,1,0.0,59.02135,0.0
blood,24,0.9583333333333334,138.22369154166668,95.83333333333334
bloody,2,1.0,134.8457565,100.0
blow,1,1.0,98.715742,100.0
bodies,2,1.0,142.1730485,100.0
body,1,1.0,93.957781,100.0
boiled,4,0.5,127.4133695,50.0
boldly,2,1.0,135.0857595,100.0
bone,3,0.3333333333333333,72.720829,33.33333333333333
bones,4,1.0,163.95035475,100.0
book,5,0.8,115.77782099999999,80.0
borders,5,0.8,128.9266336,80.0
bore,33,0.9090909090909091,137.95341678787878,90.9090909090909
born,34,0.9705882352941176,122.51681202941175,97.05882352941177
borne,3,1.0,143.956649,100.0
bosom,4,1.0,138.34049349999998,100.0
both,32,0.9375,154.3505588125,93.75
bought,12,0.75,138.33759766666665,75.0
bound,5,1.0,186.53867580000002,100.0
bounty,1,0.0,51.055965,0.0
bow,5,1.0,106.9780538,100.0
bowed,2,0.5,101.65406949999999,50.0
bowing,2,1.0,143.090427,100.0
bowl,1,1.0,116.788518,100.0
boy,26,0.8846153846153846,134.25482515384616,88.46153846153845
boys,3,1.0,170.87827033333335,100.0
bracelet,2,0.5,65.4989585,50.0
bracelets,3,1.0,107.54232266666668,100.0
branch,1,1.0,164.183804,100.0
branches,7,0.8571428571428571,142.027693,85.71428571428571
brass,3,0.3333333333333333,75.78277966666667,33.33333333333333
bread,32,0.9375,162.6042475625,93.75
breadth,1,1.0,164.996148,100.0
break,1,1.0,200.544813,100.0
breaking,1,0.0,66.237252,0.0
breast,3,1.0,181.11239666666665,100.0
breasts,1,1.0,155.073767,100.0
breath,4,0.75,149.6544275,75.0
breathed,1,1.0,197.78483,100.0
breeze,1,1.0,144.970689,100.0
brick,1,1.0,75.15764,100.0
bricks,8,0.875,134.337863625,87.5
briefly,1,0.0,50.004197,0.0
bring,23,0.8695652173913043,164.2328300869565,86.95652173913044
bringing,1,1.0,203.625371,100.0
broke,1,1.0,188.123694,100.0
brother,87,0.9655172413793104,179.4580549770115,96.55172413793103
brothers,81,0.7283950617283951,130.9029074074074,72.8395061728395
brought,53,0.8867924528301887,182.16550967924528,88.67924528301887
bruising,1,1.0,164.207271,100.0
buds,1,1.0,136.66637,100.0
build,1,1.0,136.472667,100.0
building,1,1.0,189.116783,100.0
buildings,2,0.5,110.5073665,50.0
built,13,0.7692307692307693,107.84783300000001,76.92307692307693
bulls,1,1.0,68.183827,100.0
bulrushes,1,1.0,82.676118,100.0
bundle,1,1.0,115.015055,100.0
burden,2,1.0,130.58399250000002,100.0
burdened,1,0.0,47.875664,0.0
burdening,1,1.0,135.178416,100.0
burdens,2,1.0,120.89210299999999,100.0
burial,2,1.0,161.0224125,100.0
buried,13,1.0,160.325279,100.0
burn,1,1.0,111.567817,100.0
burned,2,1.0,145.98747,100.0
burning,4,0.75,127.87701925,75.0
burnt,2,0.5,73.9111615,50.0
bury,9,0.8888888888888888,114.09790155555555,88.88888888888889
burying,1,1.0,98.575084,100.0
bush,4,1.0,167.61110250000002,100.0
but,34,0.9705882352941176,146.43325317647057,97.05882352941177
butter,1,1.0,128.422567,100.0
buy,12,1.0,103.27401675,100.0
buyers,1,1.0,142.424626,100.0
by,146,1.0,123.51297797945206,100.0
calamity,1,1.0,129.168577,100.0
calf,2,1.0,171.23564149999999,100.0
call,9,1.0,119.30170533333333,100.0
called,117,0.9316239316239316,135.2269871965812,93.16239316239316
calling,3,0.6666666666666666,119.39078966666666,66.66666666666666
came,40,0.9,148.26582765,90.0
camel,2,0.5,119.881899,50.0
camels,22,1.0,134.5802140909091,100.0
camp,3,0.6666666666666666,110.72623633333335,66.66666666666666
can,15,0.8666666666666667,131.58982673333333,86.66666666666667
cannot,7,1.0,139.6489542857143,100.0
captive,3,1.0,153.16729366666667,100.0
captives,1,1.0,137.939681,100.0
carcasses,1,1.0,138.630876,100.0
careful,1,1.0,165.274276,100.0
carried,9,0.8888888888888888,146.42917844444443,88.88888888888889
carry,11,1.0,124.43360363636363,100.0
carrying,6,0.6666666666666666,123.447999,66.66666666666666
case,1,1.0,125.039315,100.0
cast,14,0.9285714285714286,152.45877492857144,92.85714285714286
cattle,24,0.9166666666666666,131.38360870833333,91.66666666666666
caught,2,0.5,119.47832,50.0
cause,8,0.875,180.74471525,87.5
caused,15,0.9333333333333333,192.2736002,93.33333333333333
causing,1,1.0,167.658282,100.0
cave,9,1.0,172.78431144444443,100.0
cease,3,1.0,129.85494333333335,100.0
ceased,10,0.9,131.0333159,90.0
ceases,1,1.0,181.760344,100.0
celebrate,4,1.0,164.86415525,100.0
celebrating,1,1.0,178.025079,100.0
ceremonies,2,1.0,146.324774,100.0
certain,5,1.0,158.611595,100.0
chaff,2,1.0,152.6948955,100.0
chains,3,1.0,205.53665966666668,100.0
chamber,1,1.0,135.158445,100.0
change,1,1.0,198.137425,100.0
changed,5,1.0,187.0549298,100.0
changing,2,1.0,189.61979150000002,100.0
charge,3,1.0,172.510189,100.0
chariot,3,1.0,198.70134900000002,100.0
chariots,6,1.0,171.1257035,100.0
cheated,1,1.0,219.129274,100.0
chief,7,1.0,155.1495187142857,100.0
child,2,1.0,154.6332745,100.0
children,12,0.8333333333333334,144.58121358333332,83.33333333333334
choose,3,1.0,143.30707033333331,100.0
chose,2,1.0,188.61777899999998,100.0
chosen,2,1.0,140.90910200000002,100.0
circle,1,1.0,168.522152,100.0
circumcise,2,0.5,106.2809335,50.0
circumcised,13,0.9230769230769231,114.16017746153847,92.3076923076923
circumcision,2,1.0,128.4778195,100.0
circumvented,1,1.0,133.561411,100.0
cistern,5,1.0,139.3577038,100.0
cities,9,1.0,171.0517188888889,100.0
city,37,0.918918918918919,132.0520317027027,91.8918918918919
claim,3,1.0,205.67718633333334,100.0
clay,2,1.0,163.385962,100.0
clean,3,1.0,198.878722,100.0
cleansed,1,0.0,38.332338,0.0
clear,1,1.0,208.321486,100.0
clearly,1,0.0,68.355429,0.0
climbed,1,1.0,152.407148,100.0
climbing,3,0.6666666666666666,131.20302566666666,66.66666666666666
cling,2,1.0,128.365111,100.0
cloak,7,0.5714285714285714,129.47937271428572,57.14285714285714
cloaks,1,0.0,32.370851,0.0
close,5,0.8,155.3570826,80.0
closed,7,0.8571428571428571,140.19886485714287,85.71428571428571
closely,1,1.0,167.952033,100.0
closer,1,1.0,162.725856,100.0
clothed,5,0.2,67.743414,20.0
clothing,3,1.0,216.05649733333334,100.0
cloud,2,0.5,106.152887,50.0
clouded,1,1.0,208.642953,100.0
clouds,4,1.0,186.13926975,100.0
cloudy,1,1.0,191.719983,100.0
coasts,1,1.0,117.066633,100.0
coffin,1,1.0,132.46562,100.0
coins,1,1.0,189.723104,100.0
cold,1,1.0,145.203153,100.0
collect,1,1.0,133.934413,100.0
collected,1,1.0,135.067672,100.0
color,3,1.0,168.131027,100.0
colors,3,1.0,134.908718,100.0
colt,1,0.0,21.814456,0.0
come,29,1.0,154.68169534482757,100.0
coming,12,0.9166666666666666,160.16491083333332,91.66666666666666
command,3,0.6666666666666666,111.04356533333333,66.66666666666666
commanded,5,1.0,151.971676,100.0
commander,1,1.0,151.631437,100.0
commandment,1,1.0,163.377067,100.0
commandments,3,0.6666666666666666,112.33464066666666,66.66666666666666
commands,2,1.0,174.1956035,100.0
commit,1,1.0,130.521315,100.0
committed,2,0.5,81.2628515,50.0
common,2,1.0,140.90153850000002,100.0
companies,5,0.4,120.15234659999999,40.0
companion,4,0.75,154.4277975,75.0
companions,1,1.0,196.588701,100.0
company,5,0.8,136.5743116,80.0
comparable,1,1.0,119.397249,100.0
compared,1,0.0,83.970485,0.0
compassionate,1,1.0,154.697601,100.0
compassions,1,0.0,26.612577,0.0
compel,1,0.0,30.038923,0.0
compelled,2,1.0,142.300836,100.0
compelling,1,1.0,172.248181,100.0
complete,2,1.0,161.86531150000002,100.0
completed,15,1.0,169.99246453333333,100.0
completing,1,0.0,59.597596,0.0
composed,1,1.0,150.052181,100.0
comprehend,7,0.8571428571428571,163.155886,85.71428571428571
conceal,2,0.5,108.473931,50.0
conceive,6,0.8333333333333334,120.773748,83.33333333333334
conceived,94,0.9361702127659575,147.5293514787234,93.61702127659575
conceiving,2,1.0,149.55066399999998,100.0
conception,1,1.0,161.373628,100.0
conceptions,2,1.0,168.71375,100.0
concerning,4,1.0,127.51052325,100.0
concubine,4,0.75,100.32536375,75.0
concubines,1,1.0,129.791345,100.0
condition,2,1.0,156.96531149999998,100.0
confess,4,1.0,114.68070800000001,100.0
confidently,1,1.0,148.505489,100.0
confined,1,1.0,79.2249,100.0
confirmed,2,1.0,147.555429,100.0
conflict,1,1.0,128.647219,100.0
confound,1,1.0,173.591032,100.0
confounded,1,0.0,104.083186,0.0
confused,1,1.0,160.063896,100.0
conscience,1,1.0,164.907816,100.0
consecrate,1,1.0,159.034739,100.0
consenting,2,0.0,71.136584,0.0
consider,3,1.0,166.20592966666666,100.0
considered,3,0.3333333333333333,111.24396133333333,33.33333333333333
considering,1,1.0,146.985359,100.0
consolation,4,0.75,137.103566,75.0
console,1,1.0,155.763517,100.0
consoled,1,0.0,46.305755,0.0
consult,1,1.0,148.460871,100.0
consulted,1,0.0,50.945361,0.0
consume,11,1.0,161.95503654545453,100.0
consumed,9,0.7777777777777778,126.10266922222223,77.77777777777779
contain,1,1.0,128.656531,100.0
contemplating,1,0.0,96.786269,0.0
contempt,2,1.0,128.43085,100.0
contend,2,0.0,45.75146650000001,0.0
contention,1,1.0,142.807485,100.0
continue,4,1.0,170.370854,100.0
continued,8,0.875,150.588340125,87.5
continuing,2,1.0,154.75671,100.0
continuously,1,1.0,152.764371,100.0
contrary,2,0.5,80.519662,50.0
cooked,2,0.5,123.3872505,50.0
corrupted,3,1.0,139.14260633333333,100.0
could,8,1.0,222.46104037499998,100.0
counsel,4,0.75,112.3685895,75.0
countenance,2,0.0,76.4889315,0.0
country,1,1.0,193.936673,100.0
course,2,1.0,184.3829035,100.0
court,1,1.0,154.17489,100.0
cousin,1,1.0,143.905432,100.0
cove,1,1.0,151.670878,100.0
covenant,23,0.6521739130434783,130.254908,65.21739130434783
cover,2,1.0,149.65885200000002,100.0
covered,8,1.0,143.61313625,100.0
coverings,1,1.0,177.03323,100.0
cow,1,1.0,118.955659,100.0
cows,6,1.0,147.24641266666666,100.0
crafty,1,1.0,124.913939,100.0
crawl,1,1.0,63.547173,100.0
crawling,1,1.0,140.733067,100.0
created,40,0.9,208.4555271,90.0
creature,1,0.0,42.436374,0.0
creatures,8,0.875,162.72170962500002,87.5
cried,6,0.8333333333333334,187.88398083333334,83.33333333333334
cries,1,1.0,161.788583,100.0
crime,1,1.0,120.237373,100.0
crisis,1,1.0,169.055763,100.0
cross,7,0.8571428571428571,127.5272817142857,85.71428571428571
crossed,6,1.0,153.79879616666668,100.0
crossing,1,1.0,173.471091,100.0
crossroad,2,0.5,126.9716775,50.0
crowd,2,1.0,133.6913485,100.0
crush,2,1.0,196.68028950000001,100.0
crushed,2,1.0,169.9773865,100.0
cry,4,0.75,134.02220925,75.0
crying,1,1.0,196.685221,100.0
cubit,1,1.0,146.519008,100.0
cubits,4,1.0,151.481528,100.0
cultivate,2,1.0,117.2730185,100.0
cultivators,1,1.0,136.004155,100.0
cup,9,1.0,118.27550455555554,100.0
cupbearer,5,0.6,81.7819926,60.0
cupbearers,1,1.0,117.079836,100.0
currency,1,1.0,147.246704,100.0
curse,6,1.0,145.06778933333334,100.0
cursed,7,1.0,132.05139557142857,100.0
curses,1,1.0,141.663682,100.0
custody,3,1.0,139.14054666666667,100.0
custom,4,0.75,127.227946,75.0
customary,1,1.0,157.334432,100.0
cut,2,1.0,148.4628775,100.0
daily,1,0.0,44.212925,0.0
damaged,3,1.0,135.5201483333333,100.0
danger,1,1.0,173.97167,100.0
dare,1,1.0,142.82154,100.0
dared,2,0.5,49.6103875,50.0
dark,2,1.0,156.912301,100.0
darkened,2,0.0,37.353026,0.0
darkness,17,0.9411764705882353,141.5178458235294,94.11764705882352
darknesses,14,0.9285714285714286,126.08885864285715,92.85714285714286
darts,1,0.0,54.56921,0.0
dashing,1,1.0,172.33283,100.0
daughter,50,0.82,155.25007312,82.0
daughters,53,0.5471698113207547,106.99784128301887,54.71698113207547
dawn,1,0.0,55.521386,0.0
day,97,0.9690721649484536,155.96290191752578,96.90721649484536
daylight,2,1.0,118.637636,100.0
days,72,0.9583333333333334,186.951999875,95.83333333333334
dead,17,0.7647058823529411,147.93292805882353,76.47058823529412
deaf,1,1.0,82.225114,100.0
death,25,1.0,191.80863944,100.0
debarked,1,1.0,100.776344,100.0
deceitfully,1,1.0,142.805416,100.0
deceive,1,0.0,56.640628,0.0
deceived,3,1.0,146.93589233333333,100.0
decide,5,1.0,176.421395,100.0
decided,1,1.0,151.907409,100.0
decision,1,1.0,172.300882,100.0
declare,1,1.0,168.448542,100.0
declared,2,1.0,153.41006549999997,100.0
declining,3,0.3333333333333333,114.32871033333333,33.33333333333333
decreasing,1,0.0,109.95421,0.0
decree,1,0.0,61.768672,0.0
deep,3,1.0,127.84811266666667,100.0
defending,1,1.0,157.876971,100.0
defiled,2,1.0,143.98285199999998,100.0
deformity,1,1.0,125.035368,100.0
delay,4,0.75,145.6637945,75.0
delicacies,1,1.0,147.770335,100.0
delight,1,1.0,152.028637,100.0
delightful,1,1.0,132.127695,100.0
deliver,2,1.0,128.6419975,100.0
delivered,16,0.9375,136.0408618125,93.75
delivery,2,1.0,149.922466,100.0
demanded,1,1.0,158.103176,100.0
denied,1,1.0,174.367295,100.0
dense,1,1.0,136.298226,100.0
depart,6,0.6666666666666666,103.93424483333332,66.66666666666666
departed,19,0.8947368421052632,145.08162436842105,89.47368421052632
departing,11,0.9090909090909091,158.50944727272727,90.9090909090909
depends,1,1.0,180.572666,100.0
deprived,1,1.0,144.576125,100.0
descend,7,0.8571428571428571,134.32950042857144,85.71428571428571
descended,8,1.0,151.50422275,100.0
descending,2,0.5,80.94375149999999,50.0
descends,1,1.0,162.61864,100.0
describe,1,1.0,122.557918,100.0
described,1,1.0,161.413005,100.0
desert,9,0.7777777777777778,114.48383044444444,77.77777777777779
deserve,2,1.0,153.24883499999999,100.0
desire,2,1.0,162.6773215,100.0
desired,3,0.3333333333333333,96.152518,33.33333333333333
desist,1,1.0,145.612421,100.0
desisted,1,0.0,81.05795,0.0
despised,2,1.0,103.5448975,100.0
despite,2,0.5,89.74271250000001,50.0
despoil,1,0.0,48.986056,0.0
despoiled,1,1.0,134.311482,100.0
despoilers,1,1.0,106.0278,100.0
destitution,5,0.8,141.234985,80.0
destroy,7,0.8571428571428571,155.11841214285712,85.71428571428571
detest,1,0.0,59.952691,0.0
detestable,1,1.0,122.357713,100.0
developing,1,1.0,147.552932,100.0
devise,1,1.0,98.965404,100.0
devised,1,1.0,137.421012,100.0
devotion,1,1.0,132.433823,100.0
devour,2,0.5,88.0349135,50.0
devoured,8,1.0,139.501162875,100.0
devouring,1,1.0,127.318255,100.0
dew,4,1.0,123.36425374999999,100.0
did,105,0.9523809523809523,130.37071598095238,95.23809523809523
die,30,1.0,160.68138846666668,100.0
died,31,0.967741935483871,157.2056211935484,96.7741935483871
dies,1,1.0,195.740369,100.0
differing,1,0.0,58.147319,0.0
difficult,3,1.0,135.66251,100.0
difficulty,1,1.0,105.575324,100.0
dig,1,1.0,114.578829,100.0
diminish,1,1.0,99.485919,100.0
diminished,3,0.6666666666666666,93.82286900000001,66.66666666666666
dip,1,1.0,119.585789,100.0
dipped,1,1.0,97.444174,100.0
direct,2,0.5,94.13926849999999,50.0
directed,6,1.0,150.58752483333333,100.0
direction,1,0.0,76.502541,0.0
directly,6,1.0,144.55347183333333,100.0
discern,4,1.0,125.312657,100.0
discerned,1,1.0,145.720042,100.0
discerning,3,1.0,137.70481633333335,100.0
discovered,2,1.0,144.1942975,100.0
dismiss,1,1.0,118.319689,100.0
dismissed,2,1.0,110.5719795,100.0
dispersed,2,1.0,140.165755,100.0
disrespect,1,0.0,73.298328,0.0
distance,4,1.0,178.62612525,100.0
distant,2,0.5,103.443858,50.0
distract,1,0.0,61.084142,0.0
distribute,1,1.0,142.923151,100.0
distributed,1,1.0,166.750876,100.0
disturb,1,1.0,124.424455,100.0
diverse,5,1.0,126.08972979999999,100.0
divide,8,1.0,149.475251375,100.0
divided,21,0.9047619047619048,148.62259290476192,90.47619047619048
divides,1,1.0,142.966326,100.0
dividing,1,1.0,134.591355,100.0
division,1,0.0,50.296116,0.0
divisions,1,1.0,105.277509,100.0
do,71,0.9436619718309859,132.67664592957746,94.36619718309859
does,4,1.0,191.1549845,100.0
dog,1,1.0,142.123661,100.0
doing,4,1.0,215.32404400000001,100.0
dominated,1,0.0,82.529319,0.0
dominion,4,0.75,128.9647345,75.0
done,32,0.96875,165.47118971875,96.875
donkey,6,0.6666666666666666,112.06586366666666,66.66666666666666
donkeys,17,0.9411764705882353,122.8529474117647,94.11764705882352
door,14,1.0,135.91692914285713,100.0
doors,1,1.0,128.434856,100.0
double,8,0.875,175.67963525,87.5
doubt,1,0.0,27.138474,0.0
dough,2,0.0,44.8224075,0.0
dove,4,1.0,153.02130025,100.0
down,41,0.9024390243902439,158.58263119512196,90.2439024390244
dowry,1,1.0,105.552779,100.0
drank,6,0.3333333333333333,84.79638583333333,33.33333333333333
draw,7,1.0,163.47729057142857,100.0
drawing,2,1.0,121.55303750000002,100.0
drawn,3,0.6666666666666666,140.810196,66.66666666666666
dread,1,1.0,193.997649,100.0
dream,25,0.84,172.54670836000003,84.0
dreamer,1,1.0,212.215805,100.0
dreams,8,1.0,202.498114,100.0
drew,5,1.0,157.4608298,100.0
dried,1,0.0,40.544694,0.0
drink,21,0.9523809523809523,160.51940809523808,95.23809523809523
drinking,2,1.0,143.726247,100.0
drinks,1,1.0,166.270638,100.0
driven,2,1.0,162.096024,100.0
drop,1,1.0,174.337329,100.0
drove,4,1.0,157.00785575,100.0
dry,8,1.0,149.71548325,100.0
dug,10,1.0,118.69633390000001,100.0
during,1,1.0,191.697522,100.0
dust,12,1.0,147.79611416666668,100.0
duties,1,1.0,154.324671,100.0
dwell,3,0.6666666666666666,83.124285,66.66666666666666
dwelling,2,1.0,115.8993445,100.0
dwelt,12,0.6666666666666666,79.77906616666667,66.66666666666666
dying,4,1.0,134.42635525,100.0
each,24,1.0,237.27127274999998,100.0
early,1,1.0,202.474603,100.0
earrings,4,0.75,139.7790465,75.0
ears,9,1.0,132.5308523333333,100.0
earth,159,0.9433962264150944,175.74321458490564,94.33962264150944
ease,1,1.0,153.345338,100.0
east,6,1.0,174.3099,100.0
eastern,3,1.0,163.01838666666666,100.0
eat,47,0.8936170212765957,177.5703915319149,89.36170212765957
eaten,13,0.7692307692307693,144.86938792307694,76.92307692307693
eating,2,1.0,192.6278855,100.0
eats,1,1.0,233.816995,100.0
edge,1,0.0,36.064551,0.0
edible,1,0.0,30.85893,0.0
eight,9,1.0,153.3957362222222,100.0
eighteen,1,1.0,133.718051,100.0
eighth,1,0.0,25.58662,0.0
eighty,7,1.0,140.9687632857143,100.0
either,3,1.0,192.575889,100.0
elder,11,0.9090909090909091,165.92516045454545,90.9090909090909
elderly,3,1.0,99.39854766666667,100.0
elders,6,1.0,136.99347866666668,100.0
elegant,2,0.5,97.19198899999999,50.0
eleven,2,0.0,56.0425805,0.0
eliminate,4,1.0,184.73851675,100.0
eliminated,1,1.0,156.072026,100.0
eloquent,3,0.3333333333333333,63.400121000000006,33.33333333333333
else,3,1.0,131.650251,100.0
emaciated,2,1.0,123.1088125,100.0
emaciation,2,1.0,126.874713,100.0
embalm,1,1.0,70.988459,100.0
embalmed,1,1.0,123.562149,100.0
embalming,1,0.0,73.953095,0.0
embers,1,1.0,123.517684,100.0
emboldened,1,1.0,122.008887,100.0
embraced,3,0.6666666666666666,115.82521866666666,66.66666666666666
embraces,1,1.0,134.840198,100.0
embracing,1,1.0,125.157564,100.0
emerged,1,0.0,49.240602,0.0
empty,8,0.875,133.70948725,87.5
enacted,1,1.0,144.146688,100.0
encamp,1,1.0,144.019732,100.0
encamped,1,1.0,143.366983,100.0
encircled,1,0.0,51.289354,0.0
enclosed,2,0.5,118.397133,50.0
encounter,1,1.0,168.94642,100.0
end,2,1.0,203.94327049999998,100.0
endowed,1,0.0,36.71019,0.0
ends,1,1.0,257.912647,100.0
endure,1,1.0,129.977933,100.0
enemies,7,1.0,151.4939885714286,100.0
enjoy,1,1.0,114.52752,100.0
enjoyment,5,1.0,158.89435659999998,100.0
enlarge,3,1.0,125.75360533333334,100.0
enlarged,2,1.0,112.788262,100.0
enlivens,1,0.0,59.410167,0.0
enmities,2,0.0,40.5448085,0.0
enough,1,1.0,169.345631,100.0
enraged,1,1.0,123.479709,100.0
enriched,3,0.3333333333333333,70.22396166666667,33.33333333333333
enter,14,0.9285714285714286,174.94647642857143,92.85714285714286
entered,32,1.0,173.1130459375,100.0
entering,5,1.0,175.90192059999998,100.0
enters,1,0.0,37.483661,0.0
entire,30,0.9,161.26298643333334,90.0
entirely,1,1.0,142.730592,100.0
entrails,1,1.0,153.302953,100.0
entrance,1,1.0,173.193873,100.0
entrusted,2,1.0,118.22858099999999,100.0
envied,3,1.0,131.662646,100.0
envious,1,1.0,69.470406,100.0
envy,1,1.0,101.820804,100.0
erected,1,1.0,110.006449,100.0
erecting,1,1.0,137.034986,100.0
error,1,1.0,131.426996,100.0
escaped,1,1.0,210.113461,100.0
especially,4,0.75,106.7265275,75.0
establish,6,0.8333333333333334,166.104821,83.33333333333334
established,6,0.6666666666666666,144.41204466666667,66.66666666666666
esteemed,1,1.0,148.235712,100.0
eternal,2,0.5,94.720839,50.0
eternity,3,0.6666666666666666,103.79945433333334,66.66666666666666
eunuch,2,1.0,88.20939849999999,100.0
eunuchs,1,1.0,96.89072,100.0
even,46,0.8695652173913043,141.66030036956522,86.95652173913044
evening,18,0.9444444444444444,174.0792495,94.44444444444444
event,1,1.0,197.122804,100.0
events,1,1.0,195.904335,100.0
ever,2,0.5,97.97150049999999,50.0
everlasting,3,1.0,140.37361566666667,100.0
every,49,0.8775510204081632,143.53129395918367,87.75510204081633
everyone,4,0.75,148.81231425,75.0
everything,19,0.5789473684210527,147.68197863157894,57.89473684210527
evidence,1,1.0,178.279228,100.0
evil,15,0.9333333333333333,133.98459066666666,93.33333333333333
evils,2,1.0,82.35596699999999,100.0
ewes,4,0.75,77.2824795,75.0
exacted,1,1.0,134.415068,100.0
exalt,1,1.0,116.331684,100.0
exalted,3,1.0,116.59417766666668,100.0
examine,3,1.0,164.80527466666666,100.0
exceeded,2,1.0,109.64047,100.0
exceedingly,14,0.8571428571428571,130.76310821428572,85.71428571428571
excellent,1,1.0,150.694867,100.0
except,8,1.0,135.8476695,100.0
excessive,1,1.0,102.470266,100.0
exchange,3,1.0,187.37362233333332,100.0
expand,1,1.0,179.922015,100.0
expanded,1,1.0,156.318979,100.0
expectation,1,0.0,91.040198,0.0
expelled,1,1.0,129.362709,100.0
experience,1,1.0,166.630452,100.0
explain,2,0.5,96.2641155,50.0
explained,12,0.75,124.84655433333334,75.0
expression,1,1.0,140.051262,100.0
extend,5,1.0,154.445195,100.0
extended,8,0.875,148.461278375,87.5
extending,2,1.0,167.0242755,100.0
exterior,1,1.0,156.418529,100.0
eyed,1,1.0,100.412456,100.0
eyes,38,0.9736842105263158,155.97961994736843,97.36842105263158
face,42,1.0,165.26348542857144,100.0
faces,1,1.0,191.11625,100.0
fact,3,1.0,117.78204233333334,100.0
failed,1,1.0,185.448888,100.0
fall,3,0.6666666666666666,101.04018333333333,66.66666666666666
fallen,2,1.0,135.065773,100.0
falling,4,1.0,156.309545,100.0
false,2,0.5,78.77839,50.0
falsely,1,1.0,129.084388,100.0
families,10,0.8,147.0739395,80.0
family,6,0.8333333333333334,138.05795216666667,83.33333333333334
famine,17,0.8235294117647058,138.5980086470588,82.35294117647058
famous,3,1.0,166.032745,100.0
far,8,1.0,161.313845375,100.0
farmer,2,1.0,142.25964349999998,100.0
fast,1,1.0,168.290548,100.0
fat,2,0.5,83.336053,50.0
father,182,0.978021978021978,180.20847306593407,97.8021978021978
fathers,20,0.95,155.92526905,95.0
fatness,2,1.0,109.8916395,100.0
fault,1,1.0,174.228282,100.0
favor,19,0.9473684210526315,119.26856621052632,94.73684210526315
favorably,2,1.0,138.5852795,100.0
fear,9,0.8888888888888888,181.6360008888889,88.88888888888889
feared,4,1.0,166.71627125,100.0
feast,7,1.0,197.658553,100.0
feasted,1,1.0,109.806355,100.0
feasting,1,1.0,78.120081,100.0
fed,3,1.0,131.90908299999998,100.0
feed,3,1.0,131.269772,100.0
feeding,2,0.5,110.91885549999999,50.0
feel,1,1.0,135.892894,100.0
feelings,1,0.0,41.444356,0.0
feet,9,1.0,128.009233,100.0
fell,9,1.0,119.27529877777778,100.0
felt,1,1.0,129.292066,100.0
female,15,0.8666666666666667,143.8881646,86.66666666666667
females,2,0.5,92.8948025,50.0
fertile,1,1.0,111.814364,100.0
fertility,3,0.6666666666666666,97.81852833333333,66.66666666666666
festivity,1,0.0,38.093309,0.0
few,6,1.0,133.9201615,100.0
fidelity,1,1.0,144.065039,100.0
field,29,0.7586206896551724,165.35196962068966,75.86206896551724
fields,10,1.0,163.24201720000002,100.0
fifteen,2,1.0,126.2628245,100.0
fifth,5,1.0,127.85447180000001,100.0
fifty,9,0.8888888888888888,107.39960833333333,88.88888888888889
fig,1,1.0,149.120243,100.0
fight,2,1.0,100.00819849999999,100.0
fill,5,1.0,124.282781,100.0
filled,10,0.7,116.4570871,70.0
filling,1,1.0,161.361251,100.0
filthy,2,1.0,131.540863,100.0
find,21,0.9047619047619048,164.46575380952382,90.47619047619048
finds,1,1.0,154.986982,100.0
fine,2,1.0,152.16777100000002,100.0
finest,2,0.5,99.357278,50.0
finger,3,1.0,164.65095433333332,100.0
finished,3,1.0,179.70686566666666,100.0
fire,12,0.8333333333333334,139.12078233333332,83.33333333333334
firm,1,1.0,121.208449,100.0
firmament,14,0.8571428571428571,139.1187422857143,85.71428571428571
firmness,1,1.0,104.173052,100.0
first,35,0.8571428571428571,127.36825068571429,85.71428571428571
firstborn,35,0.8285714285714286,112.17052042857142,82.85714285714286
fish,3,1.0,148.13831933333333,100.0
fishes,2,1.0,162.829297,100.0
fitness,1,1.0,123.523014,100.0
five,23,0.782608695652174,104.99663643478262,78.26086956521739
flame,1,1.0,174.065124,100.0
flaming,1,1.0,177.94741,100.0
flattery,1,0.0,55.845606,0.0
flax,2,1.0,125.537666,100.0
fled,10,0.8,127.40063949999998,80.0
flee,5,1.0,147.862146,100.0
fleece,2,0.5,109.45692249999999,50.0
fleeing,2,1.0,159.104026,100.0
flesh,31,0.8387096774193549,159.56211348387097,83.87096774193549
flies,7,1.0,181.74026099999998,100.0
flight,1,1.0,200.664398,100.0
flock,17,1.0,166.21931747058824,100.0
flocks,25,0.88,143.89661056,88.0
flood,12,0.9166666666666666,150.00566408333333,91.66666666666666
floodgates,2,0.5,93.692198,50.0
flour,1,1.0,144.296431,100.0
flowers,1,1.0,138.002711,100.0
flowing,2,1.0,175.621728,100.0
flows,1,1.0,169.490371,100.0
fly,1,1.0,165.210603,100.0
flying,11,0.8181818181818182,154.57338436363636,81.81818181818183
fodder,2,1.0,108.0335305,100.0
follow,5,0.6,103.2989546,60.0
followed,4,0.75,125.64127375,75.0
follows,1,1.0,166.495224,100.0
fond,1,0.0,31.201699,0.0
food,18,0.9444444444444444,125.69932066666667,94.44444444444444
foods,6,0.8333333333333334,135.11631666666668,83.33333333333334
foolishly,1,0.0,86.347915,0.0
foot,5,1.0,124.54177339999998,100.0
footsteps,1,1.0,157.891245,100.0
for,288,0.9305555555555556,155.54484987847223,93.05555555555556
force,3,1.0,150.71313366666666,100.0
forced,1,1.0,133.91068,100.0
ford,1,1.0,154.565215,100.0
foreign,3,0.6666666666666666,100.35226566666667,66.66666666666666
foreigner,1,0.0,65.226593,0.0
foreigners,3,0.6666666666666666,107.67881866666669,66.66666666666666
foremen,1,1.0,147.450942,100.0
foreskin,5,0.8,120.95198699999999,80.0
foretold,1,1.0,103.921065,100.0
forever,4,1.0,148.06008675,100.0
forget,2,1.0,153.8789195,100.0
forgets,1,1.0,154.966652,100.0
forgot,1,1.0,61.168115,100.0
form,2,1.0,108.656176,100.0
formed,10,0.9,126.62927210000001,90.0
former,3,1.0,133.18557533333333,100.0
formerly,2,1.0,103.91778199999999,100.0
fornication,1,1.0,140.903425,100.0
forth,37,0.8378378378378378,134.10470735135135,83.78378378378379
fortresses,1,1.0,83.385373,100.0
forty,16,1.0,124.197305125,100.0
forward,1,1.0,168.822601,100.0
fought,2,1.0,159.4724985,100.0
foul,1,1.0,173.599488,100.0
found,38,0.868421052631579,188.72144407894737,86.8421052631579
founded,1,1.0,107.632767,100.0
fountain,4,1.0,207.18426825,100.0
fountains,2,1.0,187.82059349999997,100.0
four,12,0.8333333333333334,172.43556866666665,83.33333333333334
fourteen,2,1.0,166.73032,100.0
fourteenth,3,0.6666666666666666,120.161924,66.66666666666666
fourth,4,1.0,194.394683,100.0
fragrance,1,1.0,101.932398,100.0
free,5,1.0,142.0429896,100.0
freed,3,0.6666666666666666,124.45505833333334,66.66666666666666
freeing,1,1.0,158.882101,100.0
friend,2,1.0,242.2915135,100.0
friends,1,1.0,249.517728,100.0
frightened,1,1.0,180.072858,100.0
frogs,11,0.9090909090909091,140.49473954545454,90.9090909090909
from,432,0.9513888888888888,155.68915939583334,95.13888888888889
front,1,0.0,32.962918,0.0
frost,1,1.0,161.046507,100.0
fruit,9,1.0,159.9461382222222,100.0
fruits,4,0.75,144.533411,75.0
fugitive,3,1.0,110.08372233333334,100.0
fulfill,2,0.0,54.505255,0.0
fulfilled,7,0.8571428571428571,124.04608185714285,85.71428571428571
fulfilling,1,1.0,113.344359,100.0
full,10,0.9,121.0439572,90.0
funeral,2,0.5,131.1108025,50.0
furnace,2,1.0,134.589733,100.0
further,3,1.0,161.51658966666665,100.0
furthest,1,0.0,60.623393,0.0
fury,3,1.0,139.726124,100.0
future,3,1.0,167.10497766666666,100.0
gallows,1,0.0,80.759781,0.0
garment,2,1.0,149.4462645,100.0
garments,13,0.8461538461538461,153.56479384615383,84.61538461538461
gate,3,1.0,175.24508233333333,100.0
gates,2,0.5,100.009229,50.0
gateway,1,1.0,131.574356,100.0
gather,4,0.75,147.984331,75.0
gathered,14,0.9285714285714286,163.3798312857143,92.85714285714286
gathering,4,0.75,140.02072575,75.0
gave,59,0.864406779661017,146.15583781355932,86.4406779661017
gaze,1,1.0,145.210566,100.0
gazed,1,1.0,134.780323,100.0
gazing,2,0.5,122.654063,50.0
generation,7,1.0,165.35237899999998,100.0
generations,20,0.95,179.73156935,95.0
generous,1,1.0,172.269442,100.0
gently,1,0.0,77.032937,0.0
germinate,1,1.0,142.877102,100.0
getting,1,0.0,85.557734,0.0
giants,1,1.0,168.305475,100.0
gift,4,0.5,68.751374,50.0
gifts,15,0.7333333333333333,99.68868573333333,73.33333333333333
gird,1,1.0,99.595385,100.0
girded,2,1.0,124.64112800000001,100.0
girl,6,1.0,174.16200383333333,100.0
girls,1,0.0,43.909306,0.0
give,64,0.875,145.53257603125,87.5
given,22,0.6818181818181818,118.16268054545456,68.18181818181817
giving,5,1.0,148.4154956,100.0
gladdened,1,0.0,47.680262,0.0
gladness,2,1.0,123.0323795,100.0
glorified,3,1.0,149.96728633333333,100.0
glory,2,1.0,120.29819850000001,100.0
gnaw,1,1.0,74.926692,100.0
go,77,0.987012987012987,136.96765642857144,98.7012987012987
goat,6,0.8333333333333334,126.61988866666667,83.33333333333334
goats,9,0.8888888888888888,166.5770122222222,88.88888888888889
god,1,1.0,148.162629,100.0
gods,7,0.8571428571428571,127.5159687142857,85.71428571428571
goes,1,1.0,175.943517,100.0
going,12,0.9166666666666666,177.03413158333333,91.66666666666666
gold,11,1.0,160.105954,100.0
gone,15,0.8666666666666667,131.83711566666668,86.66666666666667
good,30,0.8666666666666667,116.61572353333334,86.66666666666667
goods,1,1.0,165.51211,100.0
governed,1,1.0,93.706813,100.0
governor,3,1.0,146.45570366666666,100.0
grace,6,0.6666666666666666,126.74301783333333,66.66666666666666
gracious,2,1.0,167.7217775,100.0
gradually,1,1.0,176.633132,100.0
grain,24,1.0,185.35622641666666,100.0
grains,1,1.0,210.575653,100.0
grandchildren,1,1.0,132.601139,100.0
grandfather,1,0.0,84.565564,0.0
grandson,1,1.0,162.734111,100.0
grandsons,2,1.0,178.315298,100.0
grant,6,0.8333333333333334,169.40172416666667,83.33333333333334
granted,1,1.0,177.359452,100.0
grape,1,1.0,190.551639,100.0
grapes,2,0.5,136.544117,50.0
grasping,2,0.5,94.1978835,50.0
grass,1,1.0,120.419012,100.0
grave,3,0.6666666666666666,98.96510766666665,66.66666666666666
gravely,1,1.0,117.285376,100.0
graves,1,1.0,168.39063,100.0
great,57,0.9649122807017544,208.9511895087719,96.49122807017544
greater,18,0.9444444444444444,196.37783172222223,94.44444444444444
greatest,2,1.0,194.9632185,100.0
greatly,5,0.8,182.43219919999999,80.0
greatness,3,0.6666666666666666,132.27663966666668,66.66666666666666
green,6,1.0,156.39160783333332,100.0
greenery,1,1.0,131.857646,100.0
greet,1,0.0,64.633338,0.0
greeting,1,0.0,36.819991,0.0
grew,3,1.0,162.43224066666667,100.0
grey,3,1.0,105.14097366666665,100.0
grief,1,1.0,136.126498,100.0
grieves,1,1.0,198.368552,100.0
grievous,4,0.75,118.606133,75.0
grievously,1,1.0,99.109651,100.0
groaning,3,1.0,157.746005,100.0
ground,16,1.0,234.799644375,100.0
grove,1,1.0,180.453653,100.0
growing,3,1.0,182.72715733333334,100.0
grown,4,1.0,198.52344925,100.0
grows,1,1.0,141.481114,100.0
guard,3,1.0,185.803323,100.0
guardian,1,1.0,149.567531,100.0
guest,1,0.0,29.615901,0.0
guilty,2,1.0,124.211199,100.0
gushed,1,1.0,173.058144,100.0
habitation,2,1.0,153.34570000000002,100.0
had,296,0.9324324324324325,127.17716123648647,93.24324324324324
hail,16,1.0,203.6698788125,100.0
haircloth,1,1.0,184.62238,100.0
hairs,3,1.0,143.33379566666667,100.0
hairy,3,0.3333333333333333,71.87918733333333,33.33333333333333
hammerer,1,0.0,67.54774,0.0
hanan,1,1.0,124.768409,100.0
hand,89,0.9550561797752809,168.85389074157303,95.50561797752809
handed,4,0.5,101.40746325,50.0
handfuls,1,1.0,136.899965,100.0
handmaid,13,0.9230769230769231,134.266171,92.3076923076923
handmaids,6,0.8333333333333334,138.22112216666667,83.33333333333334
hands,32,0.9375,200.3707370625,93.75
handsome,1,1.0,152.254548,100.0
hanged,1,1.0,155.100223,100.0
hanging,1,1.0,189.735928,100.0
happen,3,1.0,155.95861833333333,100.0
happened,13,0.6923076923076923,115.19120923076925,69.23076923076923
happening,1,1.0,105.697824,100.0
happens,1,1.0,177.669437,100.0
happiness,1,0.0,69.914325,0.0
happy,1,1.0,134.566378,100.0
hard,1,1.0,176.619404,100.0
harden,4,0.75,140.16194375,75.0
hardened,15,0.7333333333333333,131.4316166,73.33333333333333
hardship,3,0.6666666666666666,113.92380533333333,66.66666666666666
hardships,1,1.0,143.831646,100.0
harlot,2,1.0,126.534176,100.0
harm,10,1.0,113.1298619,100.0
harmless,1,0.0,54.299628,0.0
harnessed,3,1.0,127.17168099999999,100.0
harp,1,1.0,145.038097,100.0
harsh,3,0.6666666666666666,102.399983,66.66666666666666
harshly,2,1.0,130.7035225,100.0
harshness,1,1.0,125.816216,100.0
harvest,2,0.5,104.163263,50.0
has,130,0.9538461538461539,148.40841468461537,95.38461538461539
haste,1,1.0,139.756408,100.0
hate,2,1.0,160.99615,100.0
hated,3,1.0,145.84890466666667,100.0
hateful,1,1.0,178.384102,100.0
hatred,2,0.5,83.525218,50.0
have,262,0.9236641221374046,164.20451159541986,92.36641221374046
having,44,0.8636363636363636,155.5041900909091,86.36363636363636
hay,2,0.5,106.491517,50.0
he,1113,0.9622641509433962,138.0523421150045,96.22641509433963
head,15,1.0,173.52638413333335,100.0
heads,2,1.0,183.863924,100.0
healed,1,1.0,184.161067,100.0
health,4,0.75,150.2046705,75.0
hear,7,1.0,207.91798157142856,100.0
heard,38,0.8947368421052632,202.23563997368421,89.47368421052632
hearing,7,0.7142857142857143,183.16907614285714,71.42857142857143
heart,33,1.0,163.8797626969697,100.0
heartily,1,1.0,136.274998,100.0
heat,4,1.0,184.615929,100.0
heaven,63,0.8253968253968254,140.9171353015873,82.53968253968253
heavens,2,1.0,185.32541049999998,100.0
heavily,1,1.0,82.701246,100.0
heed,1,1.0,125.752968,100.0
heeded,4,1.0,124.309832,100.0
heel,2,1.0,113.3103065,100.0
height,3,1.0,166.38156833333332,100.0
heir,4,0.75,117.65777675,75.0
held,14,1.0,160.85417257142856,100.0
helper,4,1.0,162.405393,100.0
hem,1,1.0,139.917554,100.0
henceforth,1,1.0,150.284084,100.0
her,173,0.976878612716763,152.41475957225433,97.6878612716763
herald,1,0.0,42.060412,0.0
herd,2,1.0,178.5235245,100.0
herds,10,0.9,139.9849274,90.0
herdsman,1,0.0,62.60831,0.0
here,26,0.9615384615384616,148.86584326923077,96.15384615384616
herself,5,0.8,127.51768200000001,80.0
hid,7,0.42857142857142855,70.59069428571429,42.857142857142854
hidden,2,1.0,125.63462849999999,100.0
hide,2,1.0,104.114375,100.0
high,1,1.0,106.15113,100.0
higher,1,1.0,150.034026,100.0
highest,1,1.0,145.996664,100.0
hills,1,0.0,40.37738,0.0
him,467,0.9571734475374732,126.58969570663811,95.71734475374733
himself,27,0.8518518518518519,144.49437992592593,85.18518518518519
hired,2,1.0,128.126135,100.0
his,638,0.9388714733542319,149.5152987554859,93.8871473354232
hold,11,1.0,174.57194372727272,100.0
holding,3,1.0,179.24958133333334,100.0
holds,1,1.0,141.849059,100.0
holocaust,8,1.0,158.58902375,100.0
holocausts,2,0.5,97.972756,50.0
holy,5,1.0,156.834618,100.0
home,3,1.0,157.522301,100.0
honey,4,0.75,120.80993975,75.0
honor,1,1.0,127.501689,100.0
honorable,1,1.0,142.065105,100.0
hoof,1,0.0,60.186321,0.0
hooves,1,0.0,57.270093,0.0
horns,4,0.75,91.414148,75.0
horrible,1,0.0,55.589615,0.0
horsemen,3,1.0,112.60774433333334,100.0
horses,4,0.75,110.19108800000001,75.0
hostess,1,1.0,130.625942,100.0
hot,1,1.0,150.949704,100.0
hour,2,1.0,217.80242900000002,100.0
house,84,0.9523809523809523,183.8483747857143,95.23809523809523
household,2,0.5,129.669086,50.0
houses,19,0.9473684210526315,177.1772375263158,94.73684210526315
how,9,0.7777777777777778,106.975985,77.77777777777779
however,1,1.0,160.196458,100.0
human,2,1.0,114.975417,100.0
humble,1,1.0,87.771477,100.0
humiliation,1,0.0,100.715423,0.0
humility,1,1.0,137.887806,100.0
hundred,68,0.9264705882352942,138.48790752941179,92.64705882352942
hundredfold,1,1.0,144.359856,100.0
hundredth,1,1.0,124.043002,100.0
hung,1,1.0,119.88324,100.0
hungry,1,1.0,140.880718,100.0
hunter,3,1.0,164.632944,100.0
hunting,8,0.875,154.176253,87.5
hurried,3,1.0,147.56545366666668,100.0
hurriedly,1,1.0,89.181281,100.0
hurry,1,1.0,105.366074,100.0
hurrying,1,0.0,93.013659,0.0
husband,16,0.875,124.3559031875,87.5
hyssop,1,1.0,125.86931,100.0
idle,2,0.5,95.7271485,50.0
idols,3,1.0,120.56282500000002,100.0
if,61,1.0,156.92998159016392,100.0
ignorant,3,0.0,75.455016,0.0
ignored,1,1.0,155.252765,100.0
illuminate,1,1.0,125.66612,100.0
illuminates,7,0.7142857142857143,108.79319,71.42857142857143
image,5,1.0,163.4216648,100.0
immediately,7,0.42857142857142855,92.16136342857143,42.857142857142854
immense,1,1.0,137.396398,100.0
imminent,1,1.0,134.541698,100.0
immolate,3,1.0,103.308105,100.0
immolated,2,1.0,131.4282315,100.0
impediment,1,0.0,52.868778,0.0
impious,4,1.0,84.90893324999999,100.0
importantly,1,1.0,171.734739,100.0
impose,1,1.0,179.580602,100.0
imposed,1,1.0,160.297958,100.0
in,770,0.9454545454545454,161.6547920987013,94.54545454545455
incantations,4,0.5,115.17554125000001,50.0
increase,14,0.7857142857142857,153.9058320714286,78.57142857142857
increased,8,0.875,184.557596,87.5
increasing,1,1.0,195.814988,100.0
indeed,7,1.0,147.37302571428572,100.0
indication,2,1.0,177.13077950000002,100.0
indignation,2,0.5,110.472565,50.0
inducted,1,1.0,129.95661,100.0
industrious,2,0.5,110.2891385,50.0
inebriate,1,1.0,118.050353,100.0
inebriated,2,1.0,152.0776025,100.0
infancy,1,1.0,154.213154,100.0
infant,3,1.0,142.99169600000002,100.0
infants,2,1.0,192.5299135,100.0
infertile,1,0.0,43.989393,0.0
inflated,1,1.0,154.047104,100.0
influential,2,1.0,192.3260875,100.0
inhabitants,5,0.8,157.4050228,80.0
inheritance,1,0.0,89.724217,0.0
iniquities,1,1.0,99.457522,100.0
iniquity,6,0.5,73.79846083333332,50.0
initiate,1,1.0,148.683317,100.0
initiated,1,1.0,142.901317,100.0
injury,3,1.0,105.96413766666667,100.0
injustice,1,1.0,110.907313,100.0
inn,3,1.0,115.74440633333334,100.0
innocent,1,1.0,144.815187,100.0
innocently,1,0.0,75.439717,0.0
innumerable,2,1.0,114.601167,100.0
insects,5,1.0,143.12549819999998,100.0
inside,1,1.0,152.274233,100.0
insistence,1,0.0,42.792806,0.0
instead,4,1.0,174.10927750000002,100.0
instruct,2,1.0,127.3504125,100.0
instructed,46,0.8695652173913043,125.23294747826085,86.95652173913044
instructing,1,1.0,98.643604,100.0
instructor,1,1.0,140.65253,100.0
intend,4,0.75,115.0439595,75.0
intended,2,1.0,153.9853135,100.0
intent,1,1.0,194.090626,100.0
intercede,1,1.0,128.184166,100.0
interior,2,1.0,182.21791000000002,100.0
intermingled,1,1.0,145.893916,100.0
interpret,2,0.5,107.686497,50.0
interpretation,7,0.5714285714285714,120.86613571428572,57.14285714285714
interpretations,1,1.0,168.062898,100.0
interpreter,3,1.0,176.51905266666668,100.0
interpreters,2,1.0,149.068077,100.0
interpreting,1,1.0,115.358511,100.0
intervened,1,1.0,148.322775,100.0
into,147,0.9251700680272109,199.88114578231293,92.51700680272108
inundated,2,0.5,70.26474300000001,50.0
invaded,2,1.0,139.048102,100.0
invoke,1,1.0,152.849432,100.0
invoked,4,1.0,126.418693,100.0
inwardly,1,1.0,112.146599,100.0
iron,3,1.0,137.412188,100.0
irrigate,1,1.0,151.141399,100.0
irrigated,1,1.0,158.632107,100.0
irrigating,1,1.0,159.431092,100.0
is,295,0.9559322033898305,176.06254778983052,95.59322033898306
islands,1,1.0,140.092103,100.0
it,337,0.9554896142433235,161.75902800890208,95.54896142433235
items,1,1.0,197.547685,100.0
its,51,0.8627450980392157,164.7362722352941,86.27450980392157
itself,1,1.0,212.23498,100.0
join,2,1.0,158.250259,100.0
joined,2,1.0,161.1267015,100.0
joining,1,1.0,166.12314,100.0
journey,19,0.9473684210526315,139.37912289473684,94.73684210526315
journeyed,1,0.0,51.911746,0.0
joy,2,1.0,120.4222145,100.0
judge,10,1.0,127.1195477,100.0
judged,1,1.0,115.327577,100.0
judgment,4,1.0,127.48723075000001,100.0
judgments,5,1.0,145.9884108,100.0
just,57,0.9473684210526315,148.70535017543858,94.73684210526315
justice,3,0.6666666666666666,135.302918,66.66666666666666
justly,2,0.5,57.849289999999996,50.0
keep,8,0.875,97.434618125,87.5
keeper,2,0.5,75.185804,50.0
kept,6,0.8333333333333334,126.60575333333334,83.33333333333334
kill,13,0.8461538461538461,110.87260500000001,84.61538461538461
killed,8,0.875,121.130468125,87.5
kind,14,0.7142857142857143,126.64996664285715,71.42857142857143
kindling,1,1.0,122.793251,100.0
kindly,2,0.5,76.0636425,50.0
kindness,1,1.0,143.24403,100.0
kindred,13,0.8461538461538461,131.50266561538461,84.61538461538461
kinds,5,1.0,171.6275784,100.0
king,66,0.9545454545454546,151.0415246969697,95.45454545454545
kingdom,6,1.0,134.39093116666666,100.0
kings,9,0.8888888888888888,167.62246888888887,88.88888888888889
kiss,2,1.0,122.89006950000001,100.0
kissed,6,0.8333333333333334,104.96791400000001,83.33333333333334
kissing,3,1.0,128.19781500000002,100.0
knee,1,1.0,117.00845,100.0
knees,2,1.0,136.0368535,100.0
knew,8,1.0,153.656120625,100.0
know,52,0.9423076923076923,162.62968365384614,94.23076923076923
knowing,4,0.75,163.94028575,75.0
knowledge,4,0.25,83.03347675,25.0
knowledgeable,1,0.0,54.217117,0.0
known,3,1.0,207.16015033333335,100.0
knows,1,1.0,202.867453,100.0
labor,2,1.0,191.6861535,100.0
labors,3,1.0,137.64819,100.0
lack,1,1.0,152.738554,100.0
lacking,1,1.0,178.892706,100.0
ladder,2,1.0,158.2980445,100.0
laid,3,0.6666666666666666,148.527638,66.66666666666666
lain,2,1.0,179.508735,100.0
lamb,4,0.75,92.1091255,75.0
lambs,4,1.0,114.238991,100.0
lamentation,1,0.0,77.770976,0.0
lamp,1,1.0,115.815739,100.0
land,269,0.9553903345724907,181.19391040520446,95.53903345724906
lands,4,0.75,160.7439655,75.0
language,4,0.75,131.68368225,75.0
lap,1,1.0,64.89552,100.0
large,1,1.0,160.151397,100.0
last,7,0.7142857142857143,140.1876347142857,71.42857142857143
late,3,1.0,145.827913,100.0
latter,1,0.0,38.788063,0.0
laugh,4,1.0,161.95396625,100.0
laughed,3,0.6666666666666666,133.275526,66.66666666666666
laughter,1,0.0,58.267991,0.0
law,18,0.9444444444444444,116.18180088888887,94.44444444444444
laws,1,1.0,178.178446,100.0
lay,5,1.0,166.83062679999998,100.0
laying,2,0.5,90.473465,50.0
lead,25,0.88,181.43170600000002,88.0
leader,44,0.9090909090909091,169.73909706818182,90.9090909090909
leaders,13,0.7692307692307693,126.76321307692307,76.92307692307693
leading,2,1.0,160.03873199999998,100.0
leads,4,1.0,196.8120635,100.0
leaning,1,1.0,125.380771,100.0
learned,2,1.0,176.702507,100.0
least,4,1.0,208.85390225,100.0
leave,6,0.8333333333333334,161.14254083333333,83.33333333333334
leaven,4,0.75,118.73403675,75.0
leavened,5,0.0,46.6147296,0.0
leaves,2,1.0,190.7414185,100.0
leaving,2,0.5,131.7234445,50.0
led,25,0.92,129.27414124,92.0
left,19,0.8947368421052632,123.2854262105263,89.47368421052632
length,3,0.6666666666666666,113.48845033333333,66.66666666666666
leniently,1,0.0,44.696814,0.0
lentils,1,1.0,105.915774,100.0
leprous,1,0.0,61.416155,0.0
less,3,1.0,132.61072333333334,100.0
lessen,1,1.0,123.154931,100.0
lessened,1,1.0,137.202499,100.0
lesser,3,0.6666666666666666,106.163141,66.66666666666666
lest,19,0.8947368421052632,158.21255557894736,89.47368421052632
let,65,0.9538461538461539,137.9056649076923,95.38461538461539
lettuce,1,0.0,67.108747,0.0
level,1,1.0,155.602279,100.0
libations,1,1.0,185.688973,100.0
lie,4,1.0,160.52528475,100.0
lies,2,1.0,175.579931,100.0
life,36,0.9722222222222222,152.38830752777778,97.22222222222221
lift,3,1.0,136.15568633333334,100.0
lifted,9,1.0,138.63020022222224,100.0
lifting,8,1.0,154.649786625,100.0
light,51,0.9803921568627451,173.7289330392157,98.0392156862745
lightning,1,0.0,44.114449,0.0
lights,2,1.0,213.81999100000002,100.0
like,43,0.8837209302325582,139.9004125116279,88.37209302325581
liked,1,1.0,183.928343,100.0
likeness,3,0.3333333333333333,81.11389566666666,33.33333333333333
likewise,15,0.8666666666666667,132.5849322,86.66666666666667
limit,1,1.0,166.832462,100.0
limits,2,1.0,179.063163,100.0
limped,1,1.0,115.43113,100.0
lineage,1,1.0,105.170844,100.0
linen,1,1.0,116.441848,100.0
lion,2,1.0,155.7476825,100.0
lioness,1,1.0,84.468144,100.0
lips,2,1.0,132.092905,100.0
listen,24,0.7083333333333334,130.13951791666668,70.83333333333334
listened,2,1.0,169.06339200000002,100.0
listening,1,1.0,165.854138,100.0
little,36,0.8611111111111112,134.13350530555556,86.11111111111111
live,28,0.9642857142857143,160.246211,96.42857142857143
lived,56,1.0,156.31834757142857,100.0
lives,6,1.0,178.20237066666667,100.0
living,29,0.9310344827586207,159.81021844827586,93.10344827586206
loaded,1,1.0,176.100973,100.0
loaves,1,0.0,54.412275,0.0
locusts,4,0.75,107.96078825,75.0
lodge,3,0.3333333333333333,72.19664133333333,33.33333333333333
lodged,3,1.0,118.60936833333334,100.0
lodging,1,1.0,144.342347,100.0
lofty,2,1.0,125.64059800000001,100.0
loins,2,1.0,196.8122375,100.0
long,4,1.0,174.07789225,100.0
longed,1,1.0,172.925359,100.0
longer,14,0.8571428571428571,166.9513812142857,85.71428571428571
look,6,0.8333333333333334,131.576264,83.33333333333334
looked,9,0.8888888888888888,144.1270488888889,88.88888888888889
looking,1,1.0,159.918138,100.0
loose,1,1.0,132.140314,100.0
lord,67,0.9104477611940298,151.48684597014926,91.04477611940298
lords,1,1.0,111.599558,100.0
lost,2,0.5,102.777001,50.0
loud,1,1.0,187.56974,100.0
love,6,1.0,161.63597866666666,100.0
loved,4,0.75,125.4661785,75.0
loving,1,1.0,102.261854,100.0
lower,1,1.0,163.642664,100.0
lowest,1,1.0,133.529748,100.0
lying,1,1.0,134.926089,100.0
lyres,1,1.0,125.155166,100.0
m,1,1.0,208.287047,100.0
made,68,0.9264705882352942,134.67768338235294,92.64705882352942
magnified,1,0.0,87.335575,0.0
magnify,1,1.0,100.676831,100.0
magnitude,2,1.0,129.290931,100.0
maid,1,0.0,48.823847,0.0
maids,2,1.0,115.42864449999999,100.0
make,26,0.9230769230769231,191.9006756923077,92.3076923076923
making,1,1.0,160.353634,100.0
male,18,0.8333333333333334,137.71196794444444,83.33333333333334
males,7,0.8571428571428571,140.50537814285715,85.71428571428571
malice,1,1.0,133.760198,100.0
man,101,0.9603960396039604,143.78439241584158,96.03960396039604
mandrakes,5,0.8,134.2247566,80.0
manhood,1,1.0,134.715649,100.0
mankind,3,0.6666666666666666,112.06628833333332,66.66666666666666
manner,4,1.0,125.16522825,100.0
many,22,0.8636363636363636,140.39874436363635,86.36363636363636
marriage,4,1.0,146.60561525,100.0
marriages,1,1.0,173.680066,100.0
marrow,1,1.0,112.447849,100.0
marshes,2,1.0,141.979515,100.0
marshy,1,1.0,112.220795,100.0
masters,1,1.0,153.934501,100.0
mate,5,1.0,148.6082742,100.0
maternal,2,1.0,136.0197965,100.0
mating,1,1.0,152.35858,100.0
matter,7,1.0,135.86549142857143,100.0
mature,1,1.0,123.361759,100.0
matured,1,1.0,150.273431,100.0
may,150,0.9666666666666667,153.88412775333333,96.66666666666667
me,295,0.9559322033898305,131.0316246779661,95.59322033898306
meal,5,1.0,201.1029636,100.0
mean,1,1.0,190.219899,100.0
meaning,2,1.0,200.180849,100.0
means,3,1.0,218.79856500000002,100.0
measure,4,1.0,169.48508900000002,100.0
measures,1,1.0,145.212973,100.0
meat,2,1.0,176.87608699999998,100.0
meats,1,1.0,183.114756,100.0
meditate,1,0.0,54.136832,0.0
meet,17,1.0,138.40122588235295,100.0
meeting,2,1.0,140.8579465,100.0
memorial,6,0.6666666666666666,130.23995399999998,66.66666666666666
men,63,0.9206349206349206,135.79439936507936,92.06349206349206
merchants,1,1.0,168.498907,100.0
mercy,10,1.0,140.4439955,100.0
meridian,2,0.5,105.73103950000001,50.0
message,1,1.0,136.159804,100.0
messengers,2,1.0,154.51662149999999,100.0
met,4,0.75,87.36216325,75.0
method,1,1.0,158.337857,100.0
midday,2,0.5,85.8800035,50.0
middle,4,1.0,151.55669825,100.0
midst,14,1.0,124.50889300000001,100.0
midwife,4,0.75,116.1128775,75.0
midwives,4,0.0,55.322081000000004,0.0
might,15,0.8666666666666667,141.2337426,86.66666666666667
mighty,2,1.0,166.19325500000002,100.0
mildly,2,1.0,131.602056,100.0
military,4,1.0,157.76733225,100.0
milk,5,0.8,119.50668699999999,80.0
milking,1,1.0,146.028077,100.0
miller,4,0.75,114.85662024999999,75.0
millers,1,1.0,120.264545,100.0
millstone,1,1.0,111.834475,100.0
mind,2,1.0,147.866102,100.0
mine,5,0.8,132.3972866,80.0
ministered,2,0.5,98.252526,50.0
ministers,2,1.0,140.82505650000002,100.0
ministry,1,1.0,151.92608,100.0
miracle,2,1.0,192.634168,100.0
miraculously,1,1.0,93.478533,100.0
misery,1,1.0,84.151721,100.0
misfortune,2,0.5,106.636109,50.0
mist,1,1.0,76.495873,100.0
mistress,4,1.0,129.46167475,100.0
mix,2,0.5,80.21648400000001,50.0
mock,1,1.0,158.823272,100.0
mocked,1,1.0,169.147202,100.0
modest,1,1.0,137.788735,100.0
moment,1,1.0,163.153311,100.0
money,20,0.8,112.4227463,80.0
month,20,0.85,133.19982520000002,85.0
months,4,0.75,136.96932575,75.0
monument,5,1.0,144.14805740000003,100.0
moon,1,1.0,121.793112,100.0
more,19,0.9473684210526315,146.04828531578949,94.73684210526315
morning,28,0.9642857142857143,152.56978146428574,96.42857142857143
mortar,1,1.0,120.873407,100.0
most,6,1.0,177.67806216666668,100.0
mother,20,0.85,155.19518535,85.0
mount,2,1.0,150.7906735,100.0
mountain,12,1.0,187.65592558333333,100.0
mountains,6,0.8333333333333334,168.20000633333333,83.33333333333334
mourn,1,1.0,150.360791,100.0
mourning,5,0.8,143.5931304,80.0
mouth,17,0.7058823529411765,155.75958976470588,70.58823529411765
mouths,1,0.0,19.310892,0.0
move,4,1.0,138.94409775,100.0
moved,5,0.4,89.12091960000001,40.0
moves,7,0.8571428571428571,146.91708614285716,85.71428571428571
moving,2,0.5,94.9309075,50.0
much,28,0.9642857142857143,161.24702964285714,96.42857142857143
multiplied,7,0.8571428571428571,136.17135971428573,85.71428571428571
multiply,19,0.7894736842105263,114.18409842105264,78.94736842105263
multitude,5,1.0,147.3069622,100.0
must,6,1.0,163.325962,100.0
mute,1,1.0,147.262641,100.0
mutter,1,1.0,143.825553,100.0
my,360,0.9444444444444444,117.34711211388888,94.44444444444444
myrrh,2,1.0,75.545177,100.0
myself,11,0.8181818181818182,136.6124459090909,81.81818181818183
naked,10,1.0,170.998747,100.0
name,93,0.956989247311828,158.26365798924732,95.6989247311828
named,11,0.9090909090909091,135.29030936363637,90.9090909090909
namely,4,1.0,157.5238725,100.0
names,10,0.9,156.8319436,90.0
nation,8,0.875,157.58617950000001,87.5
nations,15,0.9333333333333333,184.43595273333332,93.33333333333333
native,3,1.0,148.22320166666665,100.0
natives,1,1.0,159.627783,100.0
nativity,4,0.5,88.728905,50.0
near,12,1.0,152.32928166666667,100.0
nearby,3,0.6666666666666666,114.398079,66.66666666666666
necessary,5,1.0,128.9681572,100.0
necessities,2,1.0,144.70491149999998,100.0
neck,7,1.0,137.86942685714286,100.0
necklace,1,1.0,113.011108,100.0
necks,1,1.0,167.567684,100.0
need,4,1.0,136.02373875,100.0
neglected,1,1.0,131.354172,100.0
negligent,1,1.0,155.094192,100.0
neighbor,6,0.8333333333333334,125.38637616666666,83.33333333333334
neighbors,1,0.0,87.936572,0.0
neither,10,0.8,182.6546819,80.0
nerve,3,0.6666666666666666,102.912591,66.66666666666666
never,8,0.875,132.958417625,87.5
nevertheless,1,1.0,151.485059,100.0
new,2,1.0,133.3248485,100.0
newborns,1,1.0,136.350282,100.0
newcomer,4,1.0,103.64596075,100.0
newcomers,2,1.0,110.16265250000001,100.0
newest,1,1.0,176.750706,100.0
news,1,1.0,159.309557,100.0
next,12,0.9166666666666666,144.69458816666668,91.66666666666666
night,33,1.0,163.16341993939395,100.0
nights,2,1.0,172.1419285,100.0
nine,12,1.0,132.18074858333333,100.0
nineteen,1,0.0,51.709397,0.0
ninety,6,0.5,78.76780383333333,50.0
no,46,0.9347826086956522,125.61502923913042,93.47826086956522
none,1,1.0,141.564175,100.0
nor,13,1.0,118.68824884615385,100.0
north,1,1.0,147.125246,100.0
not,325,0.9661538461538461,136.0061520123077,96.61538461538461
nothing,16,0.9375,203.1064715,93.75
now,42,0.8571428571428571,124.67595119047618,85.71428571428571
number,9,1.0,143.93417233333332,100.0
numbered,3,1.0,156.40283033333333,100.0
nurse,4,1.0,119.9035785,100.0
nursed,1,1.0,141.351038,100.0
nurtured,1,1.0,130.178686,100.0
oak,1,1.0,127.648866,100.0
oath,5,0.8,173.950192,80.0
obedience,1,1.0,146.754156,100.0
obeyed,2,0.5,84.9495955,50.0
obeying,1,1.0,87.184553,100.0
oblivion,1,1.0,137.836124,100.0
obscure,1,1.0,111.101541,100.0
observance,4,0.0,52.418903,0.0
observe,4,1.0,145.35123975,100.0
observed,2,1.0,156.737474,100.0
obstinate,1,1.0,144.678234,100.0
obstructed,3,0.3333333333333333,87.76897166666667,33.33333333333333
obtain,1,1.0,168.935956,100.0
obtained,2,1.0,168.66905450000002,100.0
occasion,1,0.0,56.155979,0.0
occupied,1,0.0,47.561374,0.0
occupy,1,0.0,33.640304,0.0
occur,1,1.0,145.823895,100.0
occurred,5,0.4,94.3738944,40.0
odor,2,0.0,33.338505,0.0
of,1835,0.9847411444141689,168.32373459019072,98.47411444141689
off,3,1.0,129.968464,100.0
offended,2,0.0,60.045836,0.0
offer,19,1.0,148.92454484210526,100.0
offered,7,0.8571428571428571,142.12859871428572,85.71428571428571
offering,1,1.0,168.50557,100.0
offers,2,1.0,132.296683,100.0
office,2,1.0,150.31599699999998,100.0
offspring,48,0.8125,118.35805835416666,81.25
often,2,1.0,148.647759,100.0
oil,4,0.75,149.192145,75.0
ointment,1,1.0,131.991217,100.0
old,36,0.9722222222222222,192.74186880555555,97.22222222222221
oldest,1,0.0,21.892835,0.0
olive,1,1.0,110.649999,100.0
on,163,0.9693251533742331,165.15963171165646,96.93251533742331
once,4,1.0,165.24873175,100.0
one,156,0.9487179487179487,151.0455072179487,94.87179487179486
ones,19,0.8947368421052632,164.46108257894738,89.47368421052632
only,15,0.9333333333333333,142.72315566666666,93.33333333333333
onto,4,0.75,147.1652075,75.0
onyx,1,1.0,58.272302,100.0
open,1,0.0,71.324589,0.0
opened,11,1.0,150.71432845454544,100.0
opening,3,0.6666666666666666,115.74096266666668,66.66666666666666
opens,3,1.0,208.50782466666666,100.0
opposed,1,1.0,100.109131,100.0
opposite,9,0.8888888888888888,114.16871022222222,88.88888888888889
oppress,3,0.3333333333333333,68.366929,33.33333333333333
oppressed,6,0.3333333333333333,83.73218949999999,33.33333333333333
or,30,0.9666666666666667,160.29498053333333,96.66666666666667
order,33,0.9090909090909091,184.3015926969697,90.9090909090909
ordered,6,0.6666666666666666,147.97663400000002,66.66666666666666
orders,2,1.0,128.849955,100.0
organ,1,1.0,183.109606,100.0
other,19,0.8421052631578947,188.30486005263157,84.21052631578947
others,2,1.0,154.452877,100.0
otherwise,3,1.0,176.840292,100.0
ought,2,0.5,109.230889,50.0
our,71,0.971830985915493,214.20916494366196,97.1830985915493
out,132,0.9545454545454546,221.37957907575756,95.45454545454545
outcry,8,0.875,128.075522875,87.5
outpost,1,1.0,122.876836,100.0
outside,14,0.7857142857142857,176.19856564285715,78.57142857142857
oven,2,1.0,152.12446599999998,100.0
ovens,1,1.0,114.315998,100.0
over,85,0.9411764705882353,146.35874607058824,94.11764705882352
overcame,1,1.0,135.163833,100.0
overcome,2,1.0,152.5429705,100.0
overflowed,1,1.0,162.150976,100.0
overheard,1,1.0,198.669469,100.0
overlooked,1,1.0,180.212355,100.0
overlooking,1,1.0,157.031073,100.0
overlooks,1,1.0,154.194394,100.0
overseers,4,1.0,127.85993425,100.0
overtaken,3,0.3333333333333333,89.04039833333333,33.33333333333333
overthrew,2,1.0,143.151501,100.0
overthrow,1,1.0,145.357323,100.0
overtook,1,1.0,132.226362,100.0
overturn,1,1.0,146.887753,100.0
overturned,1,1.0,127.566356,100.0
overwhelmed,1,1.0,148.554059,100.0
overwhelming,1,1.0,151.109443,100.0
own,26,0.9615384615384616,194.25899326923079,96.15384615384616
oxen,8,0.875,92.104404375,87.5
pact,6,1.0,148.02814133333334,100.0
pain,5,1.0,162.3253368,100.0
pairs,2,1.0,133.949971,100.0
papyruses,1,0.0,53.598655,0.0
parents,1,1.0,238.13771,100.0
part,8,1.0,157.40201175,100.0
partition,1,1.0,113.432266,100.0
parts,10,0.9,155.9654807,90.0
pass,8,0.625,119.170925125,62.5
passed,26,0.9230769230769231,158.98964223076925,92.3076923076923
passing,4,0.75,165.07454725,75.0
pastor,2,1.0,201.4616595,100.0
pastors,4,1.0,175.05475825,100.0
pasture,4,1.0,130.445442,100.0
pastured,6,1.0,170.731219,100.0
pasturing,6,0.8333333333333334,161.20664216666668,83.33333333333334
paternal,1,0.0,46.212514,0.0
path,2,1.0,221.36679049999998,100.0
patriarch,1,1.0,143.125278,100.0
pay,2,1.0,149.1037225,100.0
peace,4,0.75,144.29595375,75.0
peaceful,3,0.6666666666666666,140.06310833333333,66.66666666666666
peacefully,2,0.5,107.5878675,50.0
pelt,1,1.0,150.221137,100.0
pelts,1,1.0,114.103339,100.0
people,99,0.7676767676767676,145.96739645454545,76.76767676767676
peoples,7,0.8571428571428571,136.3541857142857,85.71428571428571
peor,2,1.0,113.1821545,100.0
perceive,3,0.3333333333333333,82.48589566666668,33.33333333333333
perceived,1,1.0,206.204165,100.0
perceiving,1,1.0,157.872105,100.0
perhaps,11,0.9090909090909091,170.81801772727272,90.9090909090909
periods,2,1.0,193.27552350000002,100.0
perish,8,1.0,183.819917875,100.0
perished,1,1.0,203.790557,100.0
perishing,1,1.0,140.575036,100.0
permission,1,1.0,118.958954,100.0
permit,5,1.0,152.31241759999997,100.0
permitted,2,1.0,165.85388749999998,100.0
permitting,1,1.0,168.705391,100.0
perpetrated,1,1.0,130.683723,100.0
perpetual,4,0.75,124.84355525000001,75.0
persevered,1,0.0,71.726645,0.0
pertain,1,1.0,188.377158,100.0
pertained,1,1.0,172.556112,100.0
pertaining,1,1.0,205.74288,100.0
pertains,1,0.0,53.141436,0.0
pestering,1,1.0,169.218959,100.0
pestilence,3,1.0,131.273839,100.0
petition,4,0.75,128.295397,75.0
petitioned,1,1.0,131.145113,100.0
petitions,1,1.0,180.8816,100.0
physicians,1,1.0,158.081509,100.0
pieces,2,1.0,109.709973,100.0
pierce,1,0.0,38.50353,0.0
pigeon,1,1.0,123.321179,100.0
pile,1,1.0,131.612714,100.0
piles,1,1.0,135.019883,100.0
pillar,4,1.0,144.31822875,100.0
pit,1,1.0,155.35404,100.0
pitch,4,1.0,123.34756525,100.0
pitched,6,0.8333333333333334,121.75157533333334,83.33333333333334
pitcher,9,0.8888888888888888,149.90575677777778,88.88888888888889
pits,1,1.0,135.01841,100.0
pity,1,1.0,90.23942,100.0
place,101,0.8514851485148515,167.35616150495048,85.14851485148515
placed,29,0.9310344827586207,163.38659234482756,93.10344827586206
places,6,0.5,116.67796516666665,50.0
placing,1,1.0,184.275527,100.0
plague,2,1.0,161.4456825,100.0
plagues,1,1.0,159.740186,100.0
plain,1,1.0,206.05439,100.0
plains,1,1.0,220.814368,100.0
plans,1,1.0,205.873145,100.0
plant,5,1.0,196.6285852,100.0
planted,3,1.0,158.622937,100.0
plants,10,0.9,169.922593,90.0
playful,1,1.0,131.46725,100.0
playfully,1,1.0,155.270674,100.0
playing,1,1.0,154.584716,100.0
pleading,1,1.0,122.190875,100.0
pleasant,1,1.0,193.547046,100.0
please,2,1.0,178.9437035,100.0
pleased,2,1.0,139.16603750000002,100.0
pleases,5,0.8,154.2286294,80.0
pledge,3,0.6666666666666666,95.671354,66.66666666666666
plentiful,1,1.0,161.617569,100.0
plenty,1,1.0,192.887339,100.0
plowing,1,1.0,164.082666,100.0
plundered,1,1.0,144.130242,100.0
point,4,1.0,226.64530374999998,100.0
polluted,4,0.75,114.4816665,75.0
pools,1,1.0,102.398443,100.0
poplar,1,1.0,96.80652,100.0
portion,5,0.8,160.4567056,80.0
portions,2,1.0,200.9797395,100.0
position,1,1.0,193.09722,100.0
possess,12,0.6666666666666666,106.51245758333334,66.66666666666666
possessed,6,0.6666666666666666,112.46527766666667,66.66666666666666
possession,11,0.8181818181818182,131.18352718181816,81.81818181818183
possessions,6,0.8333333333333334,149.24605499999998,83.33333333333334
possible,1,1.0,186.638209,100.0
posterity,2,1.0,170.6925315,100.0
posts,3,1.0,168.66029866666665,100.0
pour,3,1.0,170.01731266666664,100.0
poured,4,1.0,146.02942074999999,100.0
pouring,4,1.0,168.0912205,100.0
poverty,2,1.0,140.0020365,100.0
power,7,1.0,168.76228142857144,100.0
powerful,4,0.75,118.06355450000001,75.0
practice,1,1.0,153.478528,100.0
practiced,1,1.0,147.500173,100.0
praise,1,1.0,240.1602,100.0
praised,1,1.0,163.350225,100.0
pray,2,1.0,190.100776,100.0
prayed,3,1.0,162.90032733333334,100.0
prayers,1,1.0,166.750849,100.0
preceded,2,0.5,88.08112650000001,50.0
precept,1,0.0,46.042014,0.0
precepts,3,1.0,131.86664299999998,100.0
predicted,1,1.0,184.030802,100.0
predominate,1,0.0,43.382954,0.0
preferred,1,1.0,168.690768,100.0
prepare,2,1.0,166.10146550000002,100.0
prepared,6,1.0,156.26493166666668,100.0
presaging,1,1.0,142.957829,100.0
presence,5,1.0,170.47398520000002,100.0
present,19,0.9473684210526315,172.03296842105263,94.73684210526315
presented,1,0.0,38.465234,0.0
presently,1,1.0,158.11019,100.0
preserve,1,1.0,147.439806,100.0
preserved,3,0.6666666666666666,98.54249633333335,66.66666666666666
pressed,3,1.0,134.64965666666666,100.0
pressured,1,1.0,143.549537,100.0
prevail,1,1.0,148.11065,100.0
prevailed,4,1.0,155.4518495,100.0
prey,5,0.8,120.5511918,80.0
price,4,0.75,140.95890375,75.0
priest,8,0.875,185.672565125,87.5
priests,2,0.5,112.972486,50.0
princes,2,1.0,162.1901085,100.0
prison,10,0.9,149.0730135,90.0
prisoner,1,1.0,143.02632,100.0
prisoners,2,0.5,106.92918549999999,50.0
privates,2,1.0,175.23090150000002,100.0
proceed,1,1.0,104.229338,100.0
proceeded,2,0.5,102.024501,50.0
proclaiming,1,1.0,110.663057,100.0
proclamation,1,1.0,128.156852,100.0
produce,5,0.6,124.67857,60.0
produced,3,0.6666666666666666,149.92259566666667,66.66666666666666
producing,4,1.0,193.20755775,100.0
profane,1,0.0,36.89496,0.0
profit,1,1.0,136.131591,100.0
progeny,2,0.5,79.7857175,50.0
prohibit,1,1.0,107.020163,100.0
promise,2,0.5,107.884826,50.0
promised,6,1.0,171.31472316666668,100.0
promptly,1,1.0,89.287999,100.0
prone,5,0.8,119.5597168,80.0
proof,1,1.0,132.084814,100.0
proper,1,1.0,132.193712,100.0
prophecy,2,0.5,102.923142,50.0
prophet,2,1.0,140.2857885,100.0
prosper,1,0.0,49.845716,0.0
prospered,1,1.0,146.398004,100.0
prospering,2,0.5,128.5614765,50.0
prosperity,2,0.5,99.4053255,50.0
prosperously,1,1.0,142.613267,100.0
prostitute,2,1.0,152.3551505,100.0
prostrate,4,1.0,126.497858,100.0
protection,1,1.0,124.054508,100.0
protector,1,1.0,140.883545,100.0
prove,3,1.0,160.50148066666668,100.0
proven,3,0.6666666666666666,123.89843766666667,66.66666666666666
proverb,1,1.0,82.140959,100.0
provide,7,1.0,175.9521127142857,100.0
provided,4,1.0,171.09962775,100.0
providing,1,1.0,161.27322,100.0
province,1,1.0,166.391646,100.0
provinces,1,1.0,143.089601,100.0
provisions,6,0.8333333333333334,144.60211016666668,83.33333333333334
provoked,1,1.0,112.230589,100.0
public,2,1.0,168.52515749999998,100.0
pulled,2,0.5,63.019039500000005,50.0
punished,1,1.0,87.606723,100.0
punishment,1,1.0,140.726106,100.0
purchased,1,0.0,70.533748,0.0
purity,1,1.0,135.022153,100.0
purpose,1,1.0,126.594524,100.0
pursue,4,0.5,110.97979275,50.0
pursued,3,0.6666666666666666,126.47684533333334,66.66666666666666
pursuit,1,1.0,121.05644,100.0
pustules,2,0.5,80.53140450000001,50.0
put,25,0.96,139.35858836,96.0
quarrel,1,1.0,125.233929,100.0
quarrelling,1,0.0,45.135043,0.0
quarters,1,1.0,154.730137,100.0
question,1,1.0,209.069498,100.0
questioned,9,0.8888888888888888,162.185144,88.88888888888889
questioning,2,1.0,201.77000700000002,100.0
questions,1,0.0,63.390984,0.0
quickly,15,0.6666666666666666,98.91808793333333,66.66666666666666
quiver,1,1.0,116.345566,100.0
quota,2,0.0,40.881966,0.0
rain,7,1.0,186.51277000000002,100.0
rained,2,0.5,87.001665,50.0
raise,1,1.0,151.445016,100.0
ram,2,1.0,142.2422925,100.0
rams,5,1.0,164.9458312,100.0
ran,7,1.0,129.52569657142857,100.0
rape,1,1.0,177.153903,100.0
rather,1,1.0,193.988237,100.0
raven,1,1.0,134.477773,100.0
ravenous,1,1.0,153.360264,100.0
raw,1,1.0,157.032687,100.0
reach,3,0.6666666666666666,158.0122233333333,66.66666666666666
reached,7,1.0,178.702041,100.0
reaches,1,1.0,204.945374,100.0
reaching,1,1.0,257.94163,100.0
ready,1,1.0,167.798996,100.0
realized,2,1.0,170.772735,100.0
realizing,2,0.5,123.4950675,50.0
reaping,1,1.0,164.380713,100.0
reason,30,0.8666666666666667,153.3574804666667,86.66666666666667
reasons,1,1.0,224.379994,100.0
rebuked,2,0.5,84.3186375,50.0
receive,9,0.7777777777777778,139.91785466666667,77.77777777777779
received,4,1.0,179.577588,100.0
reclining,2,1.0,136.77184549999998,100.0
recognize,9,0.6666666666666666,109.88432644444444,66.66666666666666
recognized,3,1.0,151.945965,100.0
recounted,1,0.0,97.148726,0.0
red,2,1.0,150.249195,100.0
redeem,4,0.5,87.37936499999999,50.0
reduced,2,1.0,173.1509185,100.0
refreshed,1,1.0,122.383787,100.0
refuse,1,0.0,21.415173,0.0
refusing,2,1.0,166.612055,100.0
region,20,1.0,178.83705075,100.0
regions,7,1.0,182.01995385714287,100.0
reigned,6,1.0,144.77119150000001,100.0
reinforced,1,1.0,142.897728,100.0
rejoice,3,0.6666666666666666,100.99840766666667,66.66666666666666
relapse,1,1.0,84.196861,100.0
related,3,1.0,157.28832366666668,100.0
relatives,1,1.0,201.052956,100.0
release,33,0.7878787878787878,135.25435684848483,78.78787878787878
released,7,0.7142857142857143,130.27944842857144,71.42857142857143
relief,1,1.0,148.694664,100.0
religious,2,1.0,128.97405500000002,100.0
reluctantly,1,1.0,120.385736,100.0
remain,13,0.6923076923076923,140.1007886153846,69.23076923076923
remainder,4,1.0,178.6600335,100.0
remained,12,0.8333333333333334,160.88269075,83.33333333333334
remaining,3,1.0,167.81784966666666,100.0
remains,4,1.0,163.380535,100.0
remember,6,1.0,157.301619,100.0
remembered,4,0.5,107.041339,50.0
remembering,4,1.0,154.1902515,100.0
remembrance,1,0.0,37.324124,0.0
remonstrating,1,0.0,82.094152,0.0
remove,2,1.0,144.1555645,100.0
removed,1,1.0,174.387713,100.0
rending,1,0.0,84.383382,0.0
renown,1,1.0,97.209713,100.0
repay,1,0.0,24.031355,0.0
repeated,1,0.0,41.128543,0.0
repented,1,1.0,74.782019,100.0
replace,1,1.0,158.72662,100.0
replaced,1,1.0,131.914767,100.0
report,4,0.75,120.83533499999999,75.0
reported,13,0.8461538461538461,141.88861415384616,84.61538461538461
reporting,1,1.0,137.138828,100.0
reproach,1,1.0,155.848044,100.0
reproved,1,0.0,33.180987,0.0
reputed,1,1.0,103.777466,100.0
request,2,1.0,148.1339505,100.0
requested,3,1.0,163.507938,100.0
require,1,0.0,37.381471,0.0
requite,1,1.0,102.818134,100.0
rescue,2,0.5,102.6915315,50.0
rescued,1,1.0,113.285339,100.0
rescues,1,1.0,124.59516,100.0
resembling,1,1.0,76.4202,100.0
reserved,1,1.0,124.576351,100.0
resin,2,1.0,101.06389300000001,100.0
resist,2,0.5,112.0931765,50.0
resources,1,1.0,151.789149,100.0
respectively,1,1.0,169.716941,100.0
respond,6,0.8333333333333334,174.63448566666668,83.33333333333334
responded,70,0.7285714285714285,149.19868067142858,72.85714285714285
responding,1,1.0,217.570319,100.0
rest,12,0.9166666666666666,167.72055591666665,91.66666666666666
rested,2,0.5,102.033412,50.0
resting,3,0.6666666666666666,123.38021133333332,66.66666666666666
restore,3,1.0,165.60912499999998,100.0
restored,3,1.0,155.77085033333333,100.0
restrain,1,1.0,157.022516,100.0
restrained,1,1.0,134.501915,100.0
restraint,1,0.0,66.307258,0.0
retain,5,1.0,139.270435,100.0
retained,1,1.0,116.589339,100.0
return,20,0.95,131.4978289,95.0
returned,27,0.8518518518518519,132.08756392592593,85.18518518518519
returning,7,1.0,158.59902442857143,100.0
reveal,5,0.8,121.1601282,80.0
revealed,4,0.75,104.21949300000001,75.0
reverence,4,0.75,110.274381,75.0
reverenced,12,0.75,117.01064791666666,75.0
reverencing,2,0.0,85.5059165,0.0
revived,1,0.0,30.688966,0.0
reward,3,0.6666666666666666,122.699541,66.66666666666666
rib,1,1.0,150.551912,100.0
ribs,1,1.0,147.575312,100.0
riches,4,1.0,190.308082,100.0
rider,1,1.0,163.598409,100.0
riding,1,1.0,160.115269,100.0
right,14,0.7857142857142857,144.71530607142856,78.57142857142857
ring,3,1.0,181.4971403333333,100.0
rise,6,1.0,136.596249,100.0
risen,3,1.0,165.96644766666665,100.0
rising,4,0.75,149.09126925,75.0
rite,2,0.5,108.08126999999999,50.0
rites,2,1.0,139.12198899999999,100.0
ritual,1,1.0,115.097851,100.0
river,31,0.8709677419354839,132.8015752903226,87.09677419354838
rivers,2,1.0,133.206346,100.0
roared,1,0.0,43.560974,0.0
roasted,2,1.0,146.35970650000002,100.0
robe,2,0.5,117.55938699999999,50.0
robes,2,1.0,133.677765,100.0
robust,1,1.0,173.478296,100.0
roll,1,1.0,124.320368,100.0
roof,1,1.0,115.497666,100.0
rooms,1,1.0,141.098968,100.0
roots,2,1.0,141.46133650000002,100.0
rose,14,1.0,147.8248272857143,100.0
rouse,1,1.0,190.043865,100.0
royal,1,1.0,120.434884,100.0
rule,6,1.0,148.39693316666668,100.0
ruled,2,1.0,147.49874799999998,100.0
ruler,2,1.0,127.660035,100.0
run,2,1.0,144.6509245,100.0
runs,2,1.0,110.35875300000001,100.0
rushed,2,1.0,147.9361165,100.0
rushes,1,1.0,183.235055,100.0
sack,7,1.0,139.34172257142856,100.0
sacks,10,0.7,109.2859588,70.0
sacred,1,1.0,130.026451,100.0
sacrifice,24,0.8333333333333334,144.20370470833333,83.33333333333334
sacrifices,1,1.0,152.683012,100.0
sacrificing,1,0.0,89.267501,0.0
sad,1,0.0,44.095799,0.0
sadder,1,0.0,62.98674,0.0
safe,2,1.0,145.9008225,100.0
said,471,0.9384288747346072,184.01749996815286,93.84288747346072
saints,1,0.0,89.45664,0.0
sake,8,0.875,176.97739975000002,87.5
salt,1,1.0,116.091726,100.0
salvation,3,0.6666666666666666,118.70431566666667,66.66666666666666
same,51,0.9803921568627451,159.67724164705882,98.0392156862745
sanctified,1,1.0,129.559343,100.0
sand,3,1.0,124.07216033333333,100.0
sands,1,1.0,97.387518,100.0
sapling,1,1.0,146.994682,100.0
sat,8,0.5,82.0510445,50.0
save,3,1.0,164.62363833333333,100.0
saved,6,0.8333333333333334,139.45732566666666,83.33333333333334
saving,1,1.0,189.200581,100.0
savoring,1,1.0,94.39223,100.0
saw,60,0.9333333333333333,137.38166133333334,93.33333333333333
say,58,0.9827586206896551,157.30917306896552,98.27586206896551
saying,106,0.7924528301886793,149.2844428018868,79.24528301886792
says,14,0.9285714285714286,148.03793971428573,92.85714285714286
scandal,1,1.0,89.445148,100.0
scarlet,2,1.0,141.5291765,100.0
scatter,2,1.0,127.576832,100.0
scattered,1,1.0,138.175038,100.0
scepter,1,1.0,130.412256,100.0
scourged,2,1.0,111.16090449999999,100.0
scourging,1,0.0,51.082704,0.0
scouts,5,1.0,149.30608379999998,100.0
sea,12,0.8333333333333334,154.9905625,83.33333333333334
seal,1,1.0,177.28602,100.0
search,1,0.0,60.45822,0.0
searched,3,1.0,150.19032233333334,100.0
seashore,2,1.0,153.247745,100.0
seasons,1,0.0,59.009922,0.0
second,15,0.8666666666666667,164.62300306666666,86.66666666666667
secret,1,0.0,51.798951,0.0
secretly,1,1.0,140.20166,100.0
secrets,1,1.0,148.10271,100.0
sedges,1,1.0,115.481986,100.0
see,43,0.9069767441860465,112.26090560465117,90.69767441860465
seed,8,1.0,134.70049775,100.0
seedlings,1,0.0,68.885407,0.0
seedtime,1,1.0,121.70901,100.0
seeing,17,0.9411764705882353,158.02986005882354,94.11764705882352
seek,2,1.0,129.1443985,100.0
seeking,1,1.0,131.36911,100.0
seem,5,1.0,131.41472240000002,100.0
seemed,3,0.6666666666666666,71.70319466666668,66.66666666666666
seen,43,0.9302325581395349,134.74342653488372,93.02325581395348
sees,4,1.0,135.357733,100.0
seethe,1,1.0,143.944178,100.0
seized,2,1.0,140.5718885,100.0
seizing,1,0.0,58.757998,0.0
self,2,1.0,135.1076915,100.0
sell,1,1.0,129.106222,100.0
selling,1,1.0,103.028722,100.0
send,16,0.75,141.0791020625,75.0
sending,3,1.0,155.294075,100.0
sends,1,0.0,21.011655,0.0
sent,53,0.9245283018867925,161.99520581132077,92.45283018867924
separate,1,1.0,91.018964,100.0
separated,4,0.5,106.49168800000001,50.0
separately,5,1.0,148.44058520000002,100.0
sepulcher,6,0.3333333333333333,69.18846766666667,33.33333333333333
sepulchers,1,1.0,106.413133,100.0
sermon,1,1.0,151.315148,100.0
serpent,7,0.7142857142857143,106.13405657142857,71.42857142857143
serpents,1,1.0,93.616489,100.0
servant,48,0.9166666666666666,138.43462200000002,91.66666666666666
servants,70,0.7857142857142857,130.49069515714285,78.57142857142857
serve,11,1.0,126.62692500000001,100.0
served,8,1.0,136.825759,100.0
service,2,1.0,141.382493,100.0
serving,1,1.0,154.182648,100.0
servitude,8,0.5,91.018723625,50.0
set,33,0.9696969696969697,134.06106496969696,96.96969696969697
setting,6,1.0,147.776357,100.0
settled,1,1.0,117.858823,100.0
settlement,2,1.0,144.3700155,100.0
settler,2,0.5,87.897688,50.0
seven,56,0.9642857142857143,139.4228389107143,96.42857142857143
sevenfold,1,1.0,126.503874,100.0
seventeen,1,0.0,58.225804,0.0
seventeenth,1,1.0,124.235888,100.0
seventh,9,1.0,136.6427057777778,100.0
seventy,9,1.0,143.9905371111111,100.0
sex,5,0.8,111.7920662,80.0
sexual,1,1.0,126.1472,100.0
shadow,1,1.0,174.056844,100.0
shake,1,1.0,234.20211,100.0
shall,186,0.9193548387096774,135.68138146774194,91.93548387096774
shameful,1,1.0,148.29603,100.0
shares,2,1.0,147.5758385,100.0
sharp,1,1.0,162.662478,100.0
shaved,1,0.0,45.867697,0.0
she,200,0.905,173.007871065,90.5
sheaf,2,1.0,148.4969865,100.0
shear,2,1.0,114.841859,100.0
shearers,1,1.0,160.249763,100.0
sheaves,3,0.6666666666666666,124.03297866666666,66.66666666666666
shed,2,0.5,87.41387700000001,50.0
sheep,43,0.9767441860465116,155.37018630232558,97.67441860465115
sheepfold,1,1.0,148.961249,100.0
shekels,4,0.75,130.861969,75.0
shepherd,1,1.0,144.175571,100.0
shepherds,9,0.7777777777777778,117.70647355555555,77.77777777777779
shine,6,1.0,179.5612368333333,100.0
shines,7,0.8571428571428571,126.27319542857143,85.71428571428571
ships,1,1.0,134.773949,100.0
shoelace,1,1.0,141.724248,100.0
shoes,2,0.5,112.757725,50.0
shoots,2,1.0,178.42922099999998,100.0
short,1,0.0,66.384614,0.0
should,37,0.972972972972973,229.83879154054057,97.2972972972973
shoulder,4,1.0,230.47592775,100.0
shoulders,1,1.0,176.396216,100.0
shouted,1,1.0,160.033385,100.0
show,7,1.0,158.68397042857143,100.0
showed,1,1.0,168.297368,100.0
shown,4,0.5,115.61267724999999,50.0
sick,1,1.0,145.661142,100.0
side,1,1.0,141.324751,100.0
sight,57,0.8771929824561403,154.75444701754384,87.71929824561403
sign,11,0.9090909090909091,130.03254636363636,90.9090909090909
signs,12,0.9166666666666666,134.516194,91.66666666666666
silent,2,1.0,162.72464250000002,100.0
silently,4,1.0,153.73339525,100.0
silver,14,1.0,114.68526914285714,100.0
similar,4,1.0,163.36022075,100.0
similarly,5,0.4,87.2359462,40.0
simple,1,0.0,49.01828,0.0
sin,15,0.8666666666666667,117.5188828,86.66666666666667
since,14,1.0,168.657908,100.0
sincere,1,1.0,138.98772,100.0
sincerity,1,0.0,50.316011,0.0
sinful,2,1.0,142.1394555,100.0
sing,1,1.0,197.766948,100.0
single,1,0.0,46.783161,0.0
sinned,4,0.75,105.13710175,75.0
sinners,1,1.0,123.484481,100.0
sinning,1,1.0,145.871926,100.0
sister,25,0.92,141.86103488,92.0
sit,1,1.0,115.091386,100.0
sits,3,1.0,178.784099,100.0
sitting,4,0.75,120.96383750000001,75.0
situated,2,1.0,152.5199835,100.0
six,9,1.0,102.62820033333334,100.0
sixteen,2,1.0,110.7385745,100.0
sixth,2,0.5,104.64629400000001,50.0
sixty,8,0.625,74.214862625,62.5
skin,3,1.0,116.94588166666666,100.0
skins,1,1.0,151.605695,100.0
sky,5,1.0,106.1059348,100.0
slain,2,1.0,159.10970450000002,100.0
slaughter,2,1.0,162.891299,100.0
sleep,14,0.9285714285714286,113.7649665,92.85714285714286
slept,9,1.0,132.4042622222222,100.0
slowness,1,1.0,94.604786,100.0
small,8,0.75,104.600846875,75.0
smear,1,1.0,162.018883,100.0
smeared,1,1.0,137.149294,100.0
smell,2,0.0,35.801253,0.0
smelled,1,0.0,44.231165,0.0
smoke,1,1.0,128.827348,100.0
smoking,1,1.0,152.288139,100.0
smooth,1,1.0,142.873705,100.0
smoothed,1,1.0,156.90756,100.0
snake,4,0.5,97.2445725,50.0
snow,1,0.0,29.69807,0.0
so,285,0.9192982456140351,131.26589197192982,91.9298245614035
soil,3,1.0,183.76487566666665,100.0
sojourn,7,1.0,102.66257414285714,100.0
sojourned,4,1.0,103.32396675,100.0
sojourner,2,1.0,123.650398,100.0
sojourners,1,1.0,118.812002,100.0
sojourning,3,0.6666666666666666,99.20705533333334,66.66666666666666
sojourns,2,1.0,101.80923200000001,100.0
sold,12,0.9166666666666666,140.6025245,91.66666666666666
soldiers,1,1.0,135.210946,100.0
solemn,1,1.0,152.561497,100.0
solemnity,3,0.0,33.02876633333333,0.0
some,9,0.8888888888888888,127.08451322222224,88.88888888888889
something,17,0.6470588235294118,149.1536645882353,64.70588235294117
son,165,0.9030303030303031,135.7286784909091,90.30303030303031
songs,1,0.0,68.790438,0.0
sons,259,0.9266409266409267,164.66097513899612,92.66409266409266
soon,3,1.0,117.24963100000001,100.0
sooner,1,1.0,139.535873,100.0
soothed,1,1.0,175.624469,100.0
sorcerers,6,0.5,82.33818416666666,50.0
sores,3,1.0,150.646997,100.0
sorrow,7,0.8571428571428571,118.05345057142857,85.71428571428571
sorrowful,1,1.0,140.802346,100.0
sought,3,1.0,184.48622466666666,100.0
soul,25,0.92,169.18520628,92.0
souls,11,1.0,147.178958,100.0
south,2,1.0,235.1873295,100.0
southern,3,0.6666666666666666,139.45696633333333,66.66666666666666
sow,2,1.0,143.37525,100.0
sowed,1,1.0,133.453007,100.0
sowing,1,1.0,162.463351,100.0
space,1,1.0,138.727271,100.0
spacious,2,0.5,70.918161,50.0
spare,1,1.0,198.551179,100.0
spared,2,1.0,130.22291,100.0
sparing,1,1.0,116.100179,100.0
speak,22,0.9090909090909091,173.34053372727274,90.9090909090909
speaking,7,1.0,178.64544114285715,100.0
species,4,0.75,115.409887,75.0
speckled,4,1.0,117.864565,100.0
speech,2,1.0,147.4619735,100.0
spelt,1,1.0,136.211424,100.0
spent,1,1.0,222.338595,100.0
spices,1,1.0,132.800731,100.0
spilled,1,1.0,130.95245,100.0
spirit,4,1.0,131.89327325,100.0
spoil,1,1.0,168.039502,100.0
spoke,30,0.9333333333333333,160.90078193333332,93.33333333333333
spoken,11,0.8181818181818182,169.18862527272725,81.81818181818183
spotted,4,0.75,121.196801,75.0
spouse,2,0.5,118.18316750000001,50.0
sprang,1,1.0,77.498358,100.0
spread,3,0.3333333333333333,77.20778466666667,33.33333333333333
spring,6,1.0,169.0319265,100.0
springs,2,1.0,179.66132850000002,100.0
springtime,2,0.0,65.225239,0.0
sprinkle,2,0.5,88.2287245,50.0
sprinkled,2,1.0,119.315882,100.0
sprung,1,0.0,78.653601,0.0
squalor,1,1.0,166.578209,100.0
staff,19,1.0,143.35480315789474,100.0
staffs,2,1.0,146.45523450000002,100.0
stag,1,1.0,140.855198,100.0
stage,2,1.0,163.1018285,100.0
stalk,3,1.0,125.21907800000001,100.0
stand,11,0.9090909090909091,160.24126836363638,90.9090909090909
standing,8,0.875,177.27482625,87.5
stars,5,1.0,141.08519719999998,100.0
state,3,1.0,158.06586366666667,100.0
stately,2,1.0,141.693931,100.0
statue,1,0.0,34.852851,0.0
staves,1,1.0,123.522705,100.0
stay,3,1.0,184.74372933333333,100.0
stayed,5,1.0,161.35764279999998,100.0
steal,1,1.0,153.208645,100.0
steep,4,1.0,155.6963515,100.0
steps,1,1.0,154.314239,100.0
stern,1,0.0,26.143831,0.0
stew,1,1.0,131.842439,100.0
steward,5,1.0,145.10203080000002,100.0
still,16,0.75,104.3808855,75.0
stinging,5,0.8,144.5154898,80.0
stirred,1,0.0,51.609406,0.0
stock,4,1.0,172.84988225,100.0
stole,2,0.5,84.5695985,50.0
stolen,5,1.0,154.10675759999998,100.0
stone,16,0.9375,138.34000425,93.75
stones,4,1.0,152.00657999999999,100.0
stood,10,0.9,138.90420690000002,90.0
storax,1,1.0,140.635775,100.0
stored,2,1.0,160.742553,100.0
storehouses,4,1.0,178.67156425000002,100.0
storing,2,0.5,113.9124405,50.0
stout,1,1.0,119.93899,100.0
straight,2,1.0,178.8395175,100.0
stranger,2,0.0,53.544799999999995,0.0
straw,5,0.8,102.7147324,80.0
streams,2,0.5,115.520196,50.0
street,1,1.0,145.78735,100.0
streets,1,1.0,156.060301,100.0
strength,4,1.0,137.5722305,100.0
strengthen,1,1.0,157.21572,100.0
strengthened,4,0.25,78.37728025,25.0
stretched,1,1.0,109.903695,100.0
strike,11,0.7272727272727273,114.30273890909092,72.72727272727273
strikes,1,0.0,45.644968,0.0
striking,3,0.6666666666666666,116.75784966666667,66.66666666666666
stripped,2,0.5,100.0177655,50.0
strong,12,0.8333333333333334,131.82108533333334,83.33333333333334
stronger,1,1.0,155.931665,100.0
strove,1,1.0,140.062344,100.0
struck,17,0.8235294117647058,126.39207729411764,82.35294117647058
struggled,1,1.0,151.979827,100.0
stump,2,1.0,142.261496,100.0
subdue,1,1.0,93.815382,100.0
subject,3,1.0,152.29441166666666,100.0
subjected,1,0.0,75.860899,0.0
subjects,1,1.0,146.732772,100.0
subjugate,2,0.0,71.2077905,0.0
subjugated,1,1.0,114.20399,100.0
subsequent,1,1.0,139.875451,100.0
subsides,1,1.0,157.524508,100.0
substance,14,0.7857142857142857,131.32005021428571,78.57142857142857
succeeded,1,1.0,134.923126,100.0
such,15,1.0,166.6169574,100.0
suffer,2,1.0,169.8090215,100.0
suffered,1,1.0,149.865478,100.0
suffice,2,1.0,148.888315,100.0
suggest,1,1.0,156.52657,100.0
suggested,1,1.0,166.641569,100.0
sulphur,1,1.0,82.714732,100.0
summer,1,1.0,151.582747,100.0
summit,1,1.0,119.54926,100.0
summoned,1,1.0,142.979856,100.0
summoning,2,1.0,131.6777085,100.0
sun,6,1.0,139.99733333333333,100.0
supplanted,1,0.0,73.92184,0.0
supplication,1,1.0,121.841374,100.0
supplied,1,1.0,129.306626,100.0
surface,4,0.75,140.375791,75.0
surrounded,1,1.0,103.097578,100.0
surrounding,5,1.0,176.096731,100.0
survive,1,1.0,126.845212,100.0
survived,1,1.0,137.2569,100.0
suspend,1,1.0,177.788214,100.0
suspended,1,1.0,168.603649,100.0
sustain,1,1.0,148.278877,100.0
sustained,1,1.0,108.014583,100.0
swear,10,1.0,152.0425544,100.0
swearing,1,1.0,137.379294,100.0
sweat,2,1.0,134.00032199999998,100.0
sweet,1,1.0,130.084535,100.0
swelling,2,1.0,121.75498300000001,100.0
swift,1,1.0,106.409692,100.0
swiftly,1,0.0,46.880063,0.0
sword,8,1.0,139.198757125,100.0
swords,1,1.0,133.888701,100.0
swore,9,1.0,128.4285128888889,100.0
sworn,2,1.0,106.8337985,100.0
sycamore,1,1.0,136.388532,100.0
t,1,1.0,166.055042,100.0
tabernacles,1,0.0,64.220914,0.0
tail,1,1.0,129.881743,100.0
take,50,0.98,193.50439581999998,98.0
taken,23,0.782608695652174,173.07351769565219,78.26086956521739
taking,14,0.8571428571428571,140.03057135714286,85.71428571428571
talk,1,1.0,129.560378,100.0
tar,1,1.0,123.002166,100.0
task,1,1.0,159.480003,100.0
taskmasters,3,1.0,127.94753666666668,100.0
teach,1,0.0,43.700906,0.0
teaching,4,1.0,202.48259675,100.0
tear,1,1.0,115.94505,100.0
tearing,2,1.0,190.157082,100.0
tears,1,1.0,153.147317,100.0
teeth,1,1.0,160.954873,100.0
tell,5,1.0,139.813469,100.0
telling,1,0.0,41.205187,0.0
temper,1,1.0,158.627115,100.0
tempered,1,1.0,118.021594,100.0
temple,9,0.6666666666666666,116.66050000000001,66.66666666666666
ten,14,0.8571428571428571,115.96766435714287,85.71428571428571
tender,2,0.5,112.792779,50.0
tenderly,1,1.0,155.88308,100.0
tent,17,1.0,163.42783547058824,100.0
tenth,3,0.6666666666666666,98.39630166666666,66.66666666666666
tents,8,0.75,145.974142875,75.0
terebinth,1,1.0,126.231904,100.0
terrible,1,1.0,165.004079,100.0
terribly,1,1.0,150.161883,100.0
terrified,5,0.8,125.8434536,80.0
terror,2,1.0,122.900969,100.0
test,3,1.0,147.75722933333336,100.0
tested,1,0.0,61.697102,0.0
testimony,19,0.8947368421052632,142.69574994736843,89.47368421052632
than,28,0.9642857142857143,179.65129117857143,96.42857142857143
that,647,0.9659969088098919,164.93882054404946,96.59969088098919
the,3618,0.9590934217799889,205.51583015450524,95.9093421779989
theft,2,1.0,109.276259,100.0
their,164,0.975609756097561,216.70544009756097,97.5609756097561
them,259,0.9459459459459459,156.0228242200772,94.5945945945946
themselves,11,1.0,160.35081790909092,100.0
then,67,0.9253731343283582,169.04972980597014,92.53731343283582
there,140,0.9571428571428572,183.6948209142857,95.71428571428572
thereafter,4,1.0,151.120866,100.0
therefore,15,0.4,103.02320806666667,40.0
these,106,0.8867924528301887,175.78263698113207,88.67924528301887
they,364,0.9313186813186813,192.49059590659343,93.13186813186813
thief,1,1.0,120.781274,100.0
thigh,9,0.8888888888888888,131.96201544444446,88.88888888888889
thin,4,1.0,141.72911,100.0
thing,11,1.0,195.34092518181816,100.0
things,69,0.927536231884058,216.07444968115942,92.7536231884058
think,3,0.6666666666666666,135.91735500000001,66.66666666666666
thinking,2,1.0,183.2599325,100.0
third,14,0.8571428571428571,154.7395732142857,85.71428571428571
thirteen,1,1.0,161.710883,100.0
thirteenth,1,1.0,119.634054,100.0
thirty,22,0.9090909090909091,138.53730804545455,90.9090909090909
this,240,0.9083333333333333,188.00002805833336,90.83333333333333
thistles,2,1.0,111.876954,100.0
thorns,1,0.0,26.61661,0.0
thoroughly,2,1.0,147.73620899999997,100.0
those,42,0.8571428571428571,171.82378599999998,85.71428571428571
though,5,0.8,137.4072948,80.0
thought,7,0.7142857142857143,167.42804900000002,71.42857142857143
thoughts,2,0.5,84.868455,50.0
thousand,2,1.0,187.891432,100.0
thousands,2,0.5,154.5597265,50.0
thread,3,1.0,196.7390386666667,100.0
threatening,1,0.0,55.294393,0.0
three,36,0.8888888888888888,135.4623305,88.88888888888889
threshing,1,0.0,51.454824,0.0
threshold,3,1.0,163.963954,100.0
throne,3,1.0,119.20917633333333,100.0
through,41,0.926829268292683,155.8875796097561,92.6829268292683
throughout,19,0.6842105263157895,139.5151660526316,68.42105263157895
throw,1,0.0,52.687977,0.0
thunder,1,1.0,170.236099,100.0
thundering,1,0.0,93.507378,0.0
thunders,3,0.6666666666666666,126.10551766666667,66.66666666666666
thus,3,1.0,137.91838766666666,100.0
thwarted,1,1.0,102.691498,100.0
tied,2,1.0,153.47238099999998,100.0
timbrels,1,1.0,93.734864,100.0
time,62,0.9193548387096774,143.40087783870968,91.93548387096774
times,7,0.8571428571428571,144.04619499999998,85.71428571428571
tips,1,1.0,123.333502,100.0
tired,1,1.0,158.484259,100.0
tithes,2,1.0,90.37621100000001,100.0
to,1559,0.9666452854393842,141.16363165234125,96.66452854393842
today,7,1.0,138.45228957142857,100.0
together,38,0.9210526315789473,165.30864228947368,92.10526315789474
told,5,1.0,158.9501418,100.0
tomb,5,1.0,118.07785980000001,100.0
tomorrow,5,1.0,132.0727784,100.0
tongue,5,1.0,126.45531839999998,100.0
tongues,2,0.5,126.0316235,50.0
too,3,1.0,119.26480766666667,100.0
took,71,0.9577464788732394,144.0185854084507,95.77464788732394
top,4,1.0,153.33073975,100.0
torn,1,1.0,101.639573,100.0
torrent,2,1.0,151.672577,100.0
touch,5,1.0,205.3323226,100.0
touched,7,0.8571428571428571,169.00683842857143,85.71428571428571
touching,3,1.0,205.50024399999998,100.0
toward,25,0.92,153.67748831999998,92.0
towards,3,0.6666666666666666,129.69531633333332,66.66666666666666
tower,2,1.0,137.556612,100.0
town,3,1.0,165.75590766666667,100.0
towns,2,0.5,92.8072895,50.0
trade,1,1.0,137.67244,100.0
transacted,1,1.0,129.666752,100.0
transfer,3,0.6666666666666666,112.431504,66.66666666666666
transport,2,1.0,126.0591815,100.0
travel,9,1.0,128.595124,100.0
traveled,5,0.8,122.70079000000001,80.0
travelers,1,1.0,115.117256,100.0
travels,1,1.0,122.646905,100.0
treachery,1,1.0,148.484058,100.0
treasure,1,1.0,171.758585,100.0
treasury,1,1.0,140.170453,100.0
treat,2,0.5,100.90885,50.0
treated,5,1.0,157.00313260000001,100.0
tree,23,1.0,118.83468500000001,100.0
trees,11,0.9090909090909091,114.38222309090908,90.9090909090909
trembling,1,1.0,144.613712,100.0
tribe,1,1.0,140.543129,100.0
tribes,4,0.75,110.31230049999999,75.0
tribulation,2,1.0,127.5627215,100.0
tribute,2,0.5,99.7607525,50.0
tried,1,1.0,175.799444,100.0
troubled,3,0.3333333333333333,94.04488500000001,33.33333333333333
troughs,5,1.0,150.58720399999999,100.0
true,8,0.875,115.678938875,87.5
truly,23,0.8695652173913043,103.43374660869566,86.95652173913044
trust,2,1.0,134.94696649999997,100.0
truth,31,1.0,143.65644345161292,100.0
tunic,5,0.8,114.224998,80.0
turmoil,1,1.0,144.011517,100.0
turn,7,1.0,117.00386985714285,100.0
turned,23,0.8695652173913043,126.23791891304347,86.95652173913044
turning,2,1.0,133.89117299999998,100.0
turpentine,1,1.0,135.230638,100.0
turtle,1,1.0,120.401301,100.0
twelve,8,0.875,103.98647762499999,87.5
twenty,15,0.7333333333333333,116.93185126666665,73.33333333333333
twice,1,1.0,120.950096,100.0
twin,1,1.0,57.239957,100.0
twins,2,1.0,124.5549365,100.0
two,54,0.9074074074074074,98.96546268518517,90.74074074074075
tying,1,1.0,136.414785,100.0
unable,4,1.0,179.179975,100.0
unaware,1,0.0,60.625683,0.0
uncircumcised,2,1.0,93.277545,100.0
uncle,2,1.0,167.50201299999998,100.0
unclean,2,0.5,124.64701199999999,50.0
under,29,0.9655172413793104,179.91270158620688,96.55172413793103
undermined,1,1.0,128.806026,100.0
understand,1,1.0,191.96513,100.0
understands,1,1.0,175.693118,100.0
understood,3,1.0,156.39568766666665,100.0
underworld,1,1.0,125.904192,100.0
unfairly,1,1.0,163.590413,100.0
unfold,2,1.0,129.699462,100.0
unguarded,1,1.0,111.505348,100.0
unharmed,1,0.0,58.532249,0.0
unharnessed,1,1.0,125.72109,100.0
unite,1,1.0,146.965192,100.0
united,1,1.0,165.139856,100.0
unknown,2,1.0,186.582403,100.0
unlawful,2,1.0,118.93447900000001,100.0
unleash,1,1.0,166.63814,100.0
unleavened,9,0.4444444444444444,84.315048,44.44444444444444
unless,4,1.0,111.68481425,100.0
unoccupied,7,1.0,122.94127385714286,100.0
unraveled,1,1.0,153.823281,100.0
until,39,0.9743589743589743,180.76038561538462,97.43589743589743
unto,3,0.6666666666666666,130.24618566666666,66.66666666666666
unwilling,4,1.0,138.8290085,100.0
unworthy,1,1.0,137.175051,100.0
up,90,0.9333333333333333,100.76768982222222,93.33333333333333
upon,105,0.9238095238095239,133.7517995904762,92.38095238095238
upper,4,1.0,124.99432575,100.0
urged,1,1.0,96.000066,100.0
us,100,0.96,156.80134701,96.0
used,1,1.0,195.071408,100.0
usual,2,1.0,162.3749415,100.0
usurped,1,1.0,93.684041,100.0
utterly,1,1.0,109.060512,100.0
vagrant,2,1.0,119.6809125,100.0
valley,10,0.9,136.638767,90.0
variegated,7,0.8571428571428571,134.41631085714286,85.71428571428571
variegations,1,0.0,97.317174,0.0
vehement,1,1.0,111.926493,100.0
vehemently,1,0.0,67.924214,0.0
veil,2,1.0,149.094339,100.0
venerated,1,0.0,48.89497,0.0
vengeance,2,0.5,88.271995,50.0
verdict,1,1.0,100.885092,100.0
very,53,0.8490566037735849,121.20030015094339,84.90566037735849
vessels,7,0.7142857142857143,89.94837385714285,71.42857142857143
victim,3,1.0,123.72992366666666,100.0
victims,3,1.0,120.529723,100.0
villages,1,1.0,141.904149,100.0
vine,2,1.0,146.99624899999998,100.0
vineyard,2,1.0,146.08229699999998,100.0
violating,1,0.0,42.216626,0.0
violence,2,1.0,175.3182185,100.0
violently,2,1.0,147.6925295,100.0
viper,1,1.0,136.265657,100.0
virgin,3,1.0,138.04641466666666,100.0
vision,4,1.0,180.743989,100.0
visit,3,1.0,155.57028533333332,100.0
visited,3,1.0,160.456595,100.0
visiting,1,1.0,167.41758,100.0
vocabulary,1,1.0,145.47791,100.0
voice,26,0.9615384615384616,164.94125026923075,96.15384615384616
void,1,1.0,131.572132,100.0
vow,2,1.0,96.92361,100.0
wages,8,0.75,104.98493524999999,75.0
waging,1,1.0,120.489947,100.0
wagons,4,0.5,117.053137,50.0
wail,1,1.0,123.952312,100.0
waist,1,1.0,148.591035,100.0
wait,3,1.0,149.91953666666666,100.0
waited,2,1.0,159.3260015,100.0
walk,6,0.8333333333333334,144.926943,83.33333333333334
walked,5,0.8,156.5701672,80.0
walking,2,1.0,161.939981,100.0
wall,2,1.0,118.126261,100.0
wandered,1,1.0,190.587696,100.0
wandering,1,1.0,181.656945,100.0
want,8,1.0,162.49707125,100.0
wanted,1,1.0,172.840492,100.0
wanting,2,1.0,140.9572565,100.0
war,3,0.6666666666666666,98.75346466666667,66.66666666666666
wars,1,1.0,116.766415,100.0
was,515,0.9398058252427185,151.61117007184464,93.98058252427185
wash,4,1.0,147.9192155,100.0
washed,2,1.0,145.91333550000002,100.0
waste,2,1.0,151.170817,100.0
watch,1,1.0,154.455797,100.0
watcher,1,1.0,67.661836,100.0
watchers,1,1.0,124.695928,100.0
water,43,0.9069767441860465,131.68526655813955,90.69767441860465
watered,4,1.0,143.524791,100.0
waters,46,0.9565217391304348,125.87012586956521,95.65217391304348
way,44,0.9772727272727273,145.2693350909091,97.72727272727273
ways,5,0.8,161.4064928,80.0
we,95,0.8947368421052632,117.61336535789474,89.47368421052632
weaker,1,1.0,166.852045,100.0
wealthy,2,1.0,188.68149749999998,100.0
weaned,1,1.0,157.812168,100.0
weaning,1,1.0,178.592029,100.0
weapons,1,1.0,188.092481,100.0
wear,1,1.0,162.253704,100.0
weary,2,1.0,130.341855,100.0
week,2,1.0,114.709394,100.0
weep,1,1.0,137.094558,100.0
weeping,3,1.0,110.30732066666667,100.0
weighed,3,0.0,35.17176333333333,0.0
weighing,1,1.0,106.439141,100.0
weight,2,1.0,175.003737,100.0
weights,1,1.0,190.413672,100.0
well,45,0.9555555555555556,118.6395817111111,95.55555555555556
wells,2,0.5,83.6144565,50.0
went,74,0.9054054054054054,142.25697941891892,90.54054054054053
wept,11,0.9090909090909091,107.5994198181818,90.9090909090909
were,239,0.9330543933054394,144.10266067364017,93.30543933054393
west,3,1.0,169.046483,100.0
what,58,0.9137931034482759,146.68258555172415,91.37931034482759
whatever,17,0.7647058823529411,124.3183368235294,76.47058823529412
wheat,9,0.6666666666666666,134.33784400000002,66.66666666666666
when,204,0.9117647058823529,162.97247230882354,91.17647058823529
where,27,0.9629629629629629,174.39449418518518,96.29629629629629
whereby,1,1.0,125.871469,100.0
wherever,5,0.8,131.6886244,80.0
whether,6,1.0,172.76262633333332,100.0
which,192,0.8541666666666666,156.29862630208333,85.41666666666666
while,13,1.0,174.68207138461537,100.0
white,4,0.75,125.76387625000001,75.0
whiteness,1,1.0,145.112059,100.0
whiter,1,1.0,100.538846,100.0
who,174,0.9482758620689655,172.91568631034482,94.82758620689656
whoever,2,1.0,121.46981299999999,100.0
whole,13,1.0,166.65420869230772,100.0
whom,51,0.8627450980392157,133.02933576470588,86.27450980392157
whomever,4,0.75,82.916555,75.0
whose,21,0.9047619047619048,160.6027039047619,90.47619047619048
why,5,1.0,152.9571656,100.0
wicked,3,0.6666666666666666,100.77586633333334,66.66666666666666
wickedness,4,0.5,79.61610825,50.0
widespread,1,1.0,150.057592,100.0
widow,1,1.0,139.094455,100.0
widowhood,2,0.0,48.936590499999994,0.0
width,1,1.0,136.552875,100.0
wife,99,0.9595959595959596,137.16279534343434,95.95959595959596
wild,18,0.8333333333333334,141.869258,83.33333333333334
wilderness,13,0.8461538461538461,125.638021,84.61538461538461
will,642,0.9517133956386293,118.7575390669782,95.17133956386293
willing,21,0.9523809523809523,138.2659867142857,95.23809523809523
willingly,1,1.0,156.362536,100.0
wills,1,1.0,78.164072,100.0
wind,5,1.0,146.7423546,100.0
window,3,1.0,160.12245199999998,100.0
wine,12,1.0,148.73907225,100.0
winter,1,1.0,151.175504,100.0
wipe,2,0.5,85.614498,50.0
wiped,3,1.0,133.98496166666666,100.0
wisdom,1,1.0,132.299351,100.0
wise,6,1.0,134.76421833333333,100.0
wisely,2,1.0,128.873062,100.0
wiser,1,1.0,117.562127,100.0
wish,1,1.0,176.418261,100.0
wishing,1,1.0,115.77041,100.0
with,397,0.9269521410579346,149.5269003274559,92.69521410579345
withdraw,2,0.5,112.8629665,50.0
withdrawing,1,1.0,168.232423,100.0
withdrawn,2,1.0,138.47519499999999,100.0
withdrew,4,0.75,104.10849475,75.0
withered,2,1.0,168.732385,100.0
within,12,1.0,167.83808125,100.0
without,18,0.9444444444444444,171.473548,94.44444444444444
witness,11,1.0,106.37011881818181,100.0
witnesses,1,1.0,113.010693,100.0
wives,22,0.8636363636363636,121.08193254545455,86.36363636363636
wolf,1,1.0,139.716531,100.0
woman,39,0.8461538461538461,139.86605033333333,84.61538461538461
womb,15,0.9333333333333333,104.49359306666666,93.33333333333333
women,16,0.875,143.187969375,87.5
wondered,1,1.0,88.855023,100.0
wonderful,1,1.0,165.577563,100.0
wondering,2,0.5,122.5921525,50.0
wonders,5,1.0,144.914321,100.0
wood,7,1.0,132.93442057142857,100.0
wooded,3,1.0,141.72760766666667,100.0
word,22,0.8636363636363636,140.2444505,86.36363636363636
words,24,0.875,137.07755037500002,87.5
work,23,0.9565217391304348,154.4542491304348,95.65217391304348
works,13,0.8461538461538461,131.2442936153846,84.61538461538461
world,36,0.8611111111111112,130.02934205555556,86.11111111111111
worship,2,1.0,129.22437299999999,100.0
worshiped,1,0.0,63.344742,0.0
worshipped,2,0.5,99.82601399999999,50.0
worshippers,2,0.5,90.826162,50.0
worth,2,1.0,126.3860595,100.0
worthy,1,1.0,122.579826,100.0
would,65,0.8923076923076924,197.93724832307694,89.23076923076924
wound,1,1.0,185.853184,100.0
wounds,1,1.0,138.11948,100.0
woven,3,0.6666666666666666,103.65974633333333,66.66666666666666
wrestled,1,1.0,110.112896,100.0
write,2,1.0,141.643909,100.0
written,5,1.0,113.33315440000001,100.0
wrought,1,1.0,163.103799,100.0
year,11,0.9090909090909091,175.25037472727274,90.9090909090909
years,103,0.8543689320388349,162.5952801067961,85.43689320388349
yesterday,8,0.875,153.40899975,87.5
yet,14,1.0,160.6287352857143,100.0
yoke,1,0.0,13.298195,0.0
you,922,0.9577006507592191,162.92718769848156,95.7700650759219
young,16,0.8125,170.2900495625,81.25
younger,11,0.9090909090909091,179.2491389090909,90.9090909090909
youngest,12,0.6666666666666666,135.5705765,66.66666666666666
your,481,0.9688149688149689,187.27073595634093,96.88149688149689
yours,9,0.7777777777777778,129.90467044444443,77.77777777777779
yourself,8,0.875,151.727686375,87.5
yourselves,1,1.0,139.770124,100.0
youth,2,0.5,131.565976,50.0
youths,1,1.0,132.730047,100.0
zephon,2,0.5,94.9499285,50.0
